1.14.165.245,784
1.14.69.83,784
1.117.27.226,784
1.117.39.9,784
1.15.227.38,784
1.117.174.35,784
1.12.246.31,784
1.242.228.58,784
101.32.187.148,784
100.36.47.207,784
1.34.109.57,784
1.34.15.175,784
101.3.132.15,784
101.33.244.120,784
101.35.92.96,784
101.42.236.152,784
101.35.51.133,784
101.43.109.9,784
101.43.143.146,784
101.43.182.80,784
101.43.193.244,784
103.105.98.141,784
101.43.83.198,784
103.123.108.187,784
103.123.108.188,784
103.152.35.2,784
103.123.108.197,784
103.136.185.185,784
103.134.20.218,784
103.124.95.99,784
103.150.8.188,784
103.161.164.164,784
103.161.165.165,784
103.167.150.45,784
103.170.233.104,784
103.161.172.14,784
103.167.150.28,784
103.170.233.104,853
103.172.17.226,784
103.179.45.33,784
103.192.236.108,784
103.192.236.242,784
103.199.19.132,784
103.192.236.243,784
103.192.236.244,784
103.199.16.240,784
103.227.141.70,784
103.237.147.61,784
103.229.41.91,784
103.72.4.152,784
103.61.37.108,784
103.76.146.76,784
103.78.123.211,784
103.82.26.64,784
104.199.26.56,784
104.238.154.123,784
104.248.118.244,784
106.12.119.30,784
106.55.143.25,784
106.15.250.8,784
106.53.107.74,784
106.55.62.186,8853
107.175.28.15,784
107.175.142.142,784
107.189.13.66,784
107.189.4.247,784
107.191.105.118,784
108.136.180.77,784
107.191.51.151,784
108.136.172.34,784
108.136.97.40,784
108.137.15.53,784
108.137.35.4,784
108.136.172.34,784
108.136.97.40,784
108.137.15.53,784
108.137.35.4,784
108.136.97.40,853
108.137.15.53,853
108.137.49.28,784
108.137.35.4,853
109.177.121.101,784
109.173.22.228,784
108.137.44.33,853
110.34.192.81,784
110.42.144.43,784
113.161.144.64,784
111.97.179.242,784
114.115.147.107,784
113.31.103.21,784
114.117.181.220,8853
114.132.241.160,784
114.34.165.244,784
114.32.120.125,784
116.251.216.207,784
114.35.35.252,784
116.105.17.34,784
116.33.230.28,784
116.63.136.113,784
117.88.57.236,784
118.27.23.251,784
118.163.170.2,784
118.27.119.24,8853
119.28.58.160,784
119.246.238.88,8853
119.224.127.171,784
119.224.127.171,8853
119.29.104.181,784
119.224.127.171,853
119.28.59.205,784
119.29.27.200,784
119.28.92.91,784
119.91.120.128,784
119.91.151.249,784
119.29.192.2,784
120.24.200.79,784
120.24.25.224,784
120.78.8.188,784
120.55.44.44,784
121.5.143.145,784
121.133.94.94,784
121.5.226.183,784
121.5.246.215,784
121.62.17.152,784
121.37.172.81,784
121.62.63.2,784
121.99.243.235,784
122.116.129.2,784
122.117.140.195,784
122.117.222.121,784
124.156.140.90,784
123.202.235.56,8853
124.217.247.170,784
124.156.154.56,784
124.221.78.208,784
124.222.17.131,784
124.222.249.152,784
124.222.84.153,784
124.223.59.129,784
124.223.27.205,784
124.223.59.129,853
124.225.4.81,784
124.71.162.21,784
129.146.142.233,784
129.146.173.104,784
125.229.20.48,784
129.146.43.245,784
129.146.84.51,784
129.146.45.118,784
129.151.253.87,784
129.153.219.77,784
129.151.170.218,784
129.151.93.113,784
129.153.224.48,784
129.153.82.120,784
129.154.226.9,784
129.159.204.91,784
129.154.52.68,784
129.159.207.123,784
124.225.182.156,784
129.159.33.48,784
13.213.215.100,784
13.76.38.75,784
130.162.39.94,784
130.61.186.251,784
130.162.133.169,784
130.61.244.184,784
130.61.69.193,784
131.186.62.203,784
131.186.63.141,784
13.213.58.170,784
132.145.58.214,784
132.145.121.127,784
132.145.123.5,784
132.145.51.148,784
132.145.217.93,8853
132.145.83.120,784
132.226.19.44,784
132.226.217.133,784
132.226.227.181,784
132.226.19.64,784
132.226.235.229,784
132.226.232.79,784
132.226.5.15,784
134.122.42.163,784
134.209.196.40,784
135.125.169.1,784
135.125.169.4,784
135.125.181.234,784
137.184.12.201,784
137.184.171.250,784
13.213.58.170,853
137.184.189.100,784
138.19.41.72,784
137.184.250.100,784
138.197.178.147,784
138.2.79.123,784
138.2.89.57,784
138.3.223.185,784
139.155.176.230,784
139.162.138.4,784
139.59.168.112,784
139.162.142.149,784
139.203.5.208,784
139.59.196.57,784
139.64.237.232,784
139.59.232.4,784
139.99.135.223,784
139.9.143.3,784
139.99.90.8,784
139.99.88.50,784
140.238.15.191,784
140.238.10.79,784
140.238.191.204,784
140.238.2.72,784
140.238.208.172,784
140.238.240.143,784
140.238.26.177,784
140.238.65.73,784
140.238.42.214,784
140.238.50.151,784
140.238.7.21,784
140.83.33.218,784
140.83.82.63,784
140.83.52.87,784
141.147.45.208,784
141.95.37.224,784
141.168.36.153,784
142.44.180.109,8853
143.110.213.32,784
142.93.65.185,784
142.44.180.111,8853
143.110.230.80,784
143.198.32.206,784
143.244.204.14,784
144.202.46.124,784
144.34.200.57,784
146.56.118.92,784
146.56.130.220,784
146.56.142.152,784
146.56.137.68,784
146.56.160.153,784
146.56.176.39,784
146.56.178.41,784
146.59.16.109,784
146.56.52.205,784
146.59.32.198,784
146.59.41.177,784
147.189.137.154,784
148.71.237.234,784
149.129.115.43,784
149.28.198.128,784
149.28.148.61,784
15.184.189.254,784
15.235.144.135,784
150.136.108.85,784
150.136.214.141,784
150.230.103.62,784
150.230.221.88,784
150.230.253.242,784
150.230.27.49,784
152.228.218.96,784
150.60.249.204,784
152.67.100.3,784
152.32.215.103,784
152.67.174.162,784
152.67.182.129,784
152.67.197.182,784
152.67.204.139,784
152.67.205.196,784
152.67.4.114,784
152.67.223.251,784
152.67.8.163,784
152.67.9.211,784
152.69.198.226,784
152.69.185.118,784
152.69.204.173,784
152.70.185.110,784
152.69.223.63,784
152.69.224.130,784
152.70.110.246,784
152.70.105.66,8853
152.70.54.34,784
152.70.189.89,784
152.89.106.109,784
152.70.88.8,784
153.127.22.207,784
154.49.211.118,784
154.49.216.19,784
155.248.211.189,784
155.248.167.39,784
155.248.171.189,784
154.3.32.206,8853
156.251.165.134,784
155.248.226.223,784
157.119.101.122,784
158.101.12.70,784
158.101.178.190,784
158.101.210.195,784
159.138.7.132,784
157.119.101.122,8853
158.101.149.111,784
158.101.67.106,784
159.223.136.223,784
159.196.63.14,784
159.75.80.10,784
159.89.108.152,784
159.65.149.35,784
159.75.70.85,784
160.251.96.67,784
161.117.233.162,784
161.129.152.196,784
161.129.45.173,784
162.0.177.12,784
163.172.25.50,784
164.68.97.10,784
159.75.29.179,784
165.232.162.84,784
164.92.237.199,784
164.90.245.136,784
165.22.59.208,784
165.232.86.200,784
167.99.154.98,784
167.99.37.126,784
168.138.168.251,784
168.138.150.126,784
168.138.200.8,784
168.138.192.72,784
168.138.169.197,784
168.138.211.29,784
168.138.205.94,784
168.138.40.58,784
168.138.36.90,784
168.138.44.93,784
168.138.41.35,784
168.138.46.253,784
168.138.50.5,784
171.241.37.109,784
168.138.54.20,784
172.104.169.166,784
172.104.107.146,784
172.104.118.6,784
172.105.101.43,784
172.105.16.134,784
172.105.218.226,784
173.212.226.135,784
172.105.50.159,784
173.255.226.133,784
172.105.219.12,784
173.82.173.210,784
174.138.29.175,784
173.255.246.78,784
173.82.151.158,784
174.138.29.175,853
173.82.190.213,784
175.200.35.137,784
176.102.36.61,784
176.103.130.130,784
175.178.235.142,853
176.103.130.130,8853
176.103.130.130,853
176.103.130.131,784
175.6.63.182,784
176.103.130.131,8853
176.103.130.132,784
176.103.130.134,784
176.103.130.131,853
176.103.130.136,784
176.103.130.132,8853
176.103.130.134,8853
176.103.130.137,784
176.103.134.134,784
176.103.130.136,8853
176.103.134.135,784
176.103.130.149,784
176.103.130.150,784
176.103.130.132,853
176.103.130.134,853
176.103.130.137,8853
176.103.134.134,8853
176.103.134.135,8853
176.103.130.136,853
176.103.130.149,8853
176.103.130.150,8853
176.103.130.137,853
176.103.134.134,853
176.103.134.135,853
176.103.130.149,853
176.103.130.150,853
176.103.134.149,784
176.103.134.149,8853
176.103.134.150,784
176.103.134.34,784
176.103.134.35,784
176.103.134.149,853
176.124.206.108,784
176.103.134.4,784
176.103.134.150,8853
176.103.134.34,8853
176.103.134.35,8853
176.103.134.5,784
176.112.192.79,784
176.103.134.4,8853
176.103.134.150,853
176.103.134.34,853
176.165.57.166,784
176.145.191.70,784
176.103.134.35,853
176.103.134.5,8853
176.103.134.4,853
176.223.138.15,784
176.103.134.5,853
176.31.83.186,784
176.58.89.224,784
178.18.54.141,784
178.254.32.28,784
178.219.44.150,784
178.254.6.153,784
178.255.154.89,8853
178.255.155.13,8853
178.33.20.253,784
18.179.15.44,784
18.140.40.140,784
18.138.168.141,8853
180.196.212.3,784
180.214.247.134,784
180.93.137.1,784
180.214.247.134,853
180.231.175.221,853
182.92.95.65,784
185.112.146.28,784
185.105.89.59,784
185.119.119.178,784
185.164.172.69,784
185.167.207.49,784
185.17.121.74,784
185.17.2.7,784
185.174.137.232,784
185.213.174.109,784
185.194.217.87,784
185.200.44.46,784
185.192.124.171,784
185.187.170.116,853
185.194.217.87,8853
185.204.0.216,784
185.222.116.79,784
185.204.3.73,784
185.194.217.87,853
185.223.163.153,784
185.223.163.163,784
185.229.251.250,784
185.233.202.33,784
185.232.170.153,784
185.237.14.227,784
185.246.154.203,784
185.233.80.212,784
185.244.30.120,784
185.253.5.0,8853
185.253.5.1,8853
185.253.5.254,8853
185.253.5.9,8853
185.254.96.140,784
188.116.27.94,784
188.155.151.140,784
188.134.93.87,784
188.165.4.138,784
188.172.192.27,8853
188.166.188.20,784
188.172.219.65,8853
188.242.17.254,784
188.244.6.184,784
188.43.53.189,784
188.68.45.12,784
188.43.53.190,784
188.68.59.46,784
188.72.209.168,784
191.252.186.173,784
192.243.126.240,784
192.26.105.29,784
193.110.203.29,784
193.110.81.0,8853
193.110.81.1,8853
193.110.81.9,8853
193.110.203.6,784
193.142.58.239,784
193.123.234.94,784
193.123.244.234,784
193.123.252.172,784
194.177.23.120,8853
194.32.107.93,784
194.67.121.139,784
194.29.187.122,784
194.87.248.228,784
194.87.238.247,784
195.140.152.244,784
195.154.104.118,784
195.181.210.76,784
195.58.49.116,784
195.90.213.140,784
198.211.34.102,784
198.211.40.216,784
198.211.60.106,784
198.211.5.197,853
198.255.103.36,784
198.74.127.117,784
198.98.53.162,784
199.19.110.29,8853
20.120.104.216,8853
2.58.242.209,784
20.205.127.129,784
20.205.3.4,784
20.239.60.190,784
20.212.115.110,8853
20.24.68.158,784
202.61.202.185,784
202.61.230.151,784
205.185.115.151,784
205.185.118.92,784
206.189.10.163,784
206.189.151.143,784
207.154.225.150,784
207.148.90.144,784
208.113.167.239,784
209.141.53.49,784
209.17.118.229,784
209.250.246.198,784
209.17.118.5,784
212.24.109.113,784
212.52.0.122,784
209.97.182.185,8853
210.100.131.252,784
212.80.218.72,784
211.114.79.226,784
211.57.175.236,784
212.86.101.213,784
213.130.205.58,784
213.166.71.156,784
213.167.248.9,8853
213.183.51.108,784
213.32.85.185,784
216.189.147.50,784
216.24.255.210,784
216.160.76.66,784
216.52.57.154,784
217.12.223.59,784
217.146.1.97,8853
217.146.13.5,8853
217.146.14.3,8853
217.146.21.163,8853
217.146.22.69,8853
216.243.40.210,784
217.146.30.247,8853
217.146.31.73,8853
217.146.4.163,8853
217.160.172.238,784
217.160.68.68,784
217.182.205.156,784
217.182.53.70,784
217.61.0.153,784
217.79.178.19,853
23.137.249.126,784
23.105.222.44,784
23.234.209.204,784
222.235.22.126,784
23.224.102.22,784
23.234.196.3,784
23.239.29.136,784
23.94.120.177,784
23.94.216.128,784
23.95.166.42,784
23.94.56.244,784
23.95.209.33,784
24.98.112.235,784
3.112.125.158,784
3.0.86.126,784
3.1.94.218,784
3.9.78.39,784
31.172.70.135,784
3.0.86.126,853
3.1.94.218,853
31.172.71.115,784
31.184.206.207,784
31.184.254.92,784
31.187.194.210,784
31.44.0.4,784
34.216.213.52,784
34.80.2.188,784
35.156.129.204,784
34.80.137.209,8853
35.203.180.12,784
35.211.28.238,784
35.212.235.170,784
35.224.3.28,784
35.231.144.196,784
35.243.221.111,784
37.114.32.80,784
35.81.78.140,784
35.73.7.39,784
37.114.32.99,784
37.114.37.199,784
37.187.19.215,784
37.252.224.5,8853
37.252.225.35,8853
37.252.231.163,8853
37.252.247.33,8853
37.59.205.17,784
38.242.12.100,784
39.107.232.206,784
39.99.139.187,784
40.83.113.177,784
41.21.230.0,784
42.192.145.143,784
42.192.89.119,784
42.192.84.187,784
42.193.160.144,784
42.193.251.136,784
42.194.134.52,784
42.194.151.80,784
43.128.1.27,784
43.129.10.247,784
43.128.20.252,784
43.129.190.8,784
43.129.183.116,784
43.129.190.8,853
43.129.73.66,784
43.139.59.57,784
43.154.154.162,784
43.225.100.17,784
45.11.104.53,784
43.154.87.145,784
45.11.104.164,784
45.124.65.51,784
45.11.104.53,853
45.129.2.32,784
45.130.58.246,784
45.134.226.18,784
45.136.245.220,784
45.138.72.72,784
45.144.65.7,784
45.147.54.7,784
45.24.232.224,784
45.252.250.208,784
45.32.165.114,784
45.32.207.148,784
45.45.178.177,784
45.55.104.59,784
45.67.228.67,784
45.45.178.178,784
45.67.32.107,784
45.66.130.62,784
45.76.144.127,784
45.76.154.33,784
45.76.90.163,784
45.88.195.157,784
45.76.154.33,853
45.77.31.67,784
45.77.170.177,784
45.78.14.176,784
45.77.25.253,784
45.88.221.71,8853
45.91.92.121,784
45.89.199.102,784
46.161.54.34,784
46.8.194.61,784
47.107.121.125,784
47.109.24.188,784
47.108.131.255,784
47.108.239.160,784
47.109.24.188,853
47.108.239.160,853
47.243.201.32,784
47.111.108.215,784
47.74.52.201,784
47.87.180.131,784
47.87.188.188,784
49.163.137.237,784
47.91.45.44,784
47.92.174.189,784
47.95.118.161,784
5.101.218.126,784
47.98.55.32,784
5.1.84.150,784
49.232.0.186,784
5.135.156.22,784
5.135.233.74,784
5.196.88.185,784
5.181.48.19,784
5.181.76.56,784
5.255.100.5,784
5.61.37.171,784
5.66.8.45,784
5.8.34.182,784
50.116.59.251,784
51.158.151.75,784
50.7.14.7,784
51.15.75.165,784
51.178.29.75,784
51.178.36.138,784
51.195.103.20,784
51.195.116.94,784
51.254.124.84,784
51.195.91.132,784
51.254.238.225,784
51.222.28.207,784
51.38.176.180,784
51.38.189.197,784
51.38.196.99,784
51.75.162.101,784
51.81.81.178,784
51.89.26.38,784
51.79.160.49,784
52.169.109.90,784
52.131.218.236,784
52.229.189.143,784
54.251.11.106,784
52.76.16.182,8853
54.179.190.143,784
54.249.180.176,784
54.37.166.116,784
54.73.202.210,784
58.115.142.28,784
59.120.186.23,784
59.18.226.21,784
59.23.177.75,784
60.119.22.178,784
60.174.238.112,784
60.188.58.90,784
62.109.2.197,784
62.141.44.124,784
62.195.144.183,784
62.210.6.110,784
64.112.126.239,784
64.227.25.27,784
64.64.252.142,8853
65.49.215.246,784
66.150.67.144,8853
67.209.190.15,784
66.42.74.125,784
67.230.170.175,784
67.205.154.232,784
67.230.177.191,784
69.161.221.219,784
73.120.194.65,784
75.119.146.235,784
73.210.224.38,784
77.119.247.214,784
76.68.113.144,784
77.160.237.27,784
76.97.50.36,784
77.37.218.102,784
78.141.223.58,784
77.68.21.94,784
78.198.27.168,784
79.164.47.232,784
8.210.11.132,784
8.129.23.157,784
8.210.11.132,853
8.210.148.24,784
8.210.148.24,8853
8.214.71.236,784
8.218.78.63,784
8.218.109.90,784
8.9.5.237,784
8.218.78.63,853
80.217.75.168,784
8.9.6.8,784
8.218.109.90,853
8.219.96.203,8853
81.109.97.170,784
81.68.238.207,784
81.69.162.145,784
81.90.180.173,784
82.155.156.10,784
81.98.36.78,784
82.118.227.235,784
82.165.167.96,784
82.156.23.88,784
82.68.2.6,784
82.165.182.221,784
82.74.117.94,784
82.75.158.189,784
83.212.102.207,784
83.240.33.11,784
84.16.77.169,784
84.182.131.63,784
84.240.25.78,784
84.245.198.81,784
85.146.18.14,784
84.246.124.247,784
85.146.30.179,784
85.192.48.70,784
85.214.195.112,784
87.98.147.127,784
85.235.65.70,784
85.175.98.82,8853
87.106.168.61,784
85.175.98.82,853
87.98.165.2,784
89.163.216.83,784
88.207.206.43,784
89.208.137.61,784
89.58.39.41,784
89.58.46.48,784
89.58.28.245,784
89.58.25.95,8853
90.119.51.202,784
90.187.44.217,784
91.167.36.7,784
91.204.44.201,8853
91.210.166.42,784
91.217.76.176,784
91.224.171.9,784
91.230.211.67,784
91.239.27.199,784
92.101.72.5,784
92.205.63.135,784
92.223.109.31,784
92.60.38.134,784
92.38.128.211,784
93.200.160.57,784
93.157.110.112,784
92.223.65.71,784
92.255.176.201,784
94.140.14.14,784
94.140.14.140,784
94.140.14.14,8853
94.140.14.140,8853
94.140.14.14,853
94.140.14.140,853
94.140.14.141,784
94.177.231.234,784
94.140.14.15,784
94.140.14.49,784
94.140.14.141,8853
94.140.14.59,784
94.140.15.15,784
94.140.15.16,784
94.16.98.163,8853
94.140.14.15,8853
94.140.14.49,8853
94.140.15.15,8853
94.140.14.141,853
94.140.14.59,8853
94.140.15.16,8853
94.140.14.15,853
94.140.14.49,853
94.140.15.15,853
94.140.14.59,853
94.140.15.16,853
94.198.134.254,784
94.237.42.60,8853
94.255.167.87,784
95.168.168.70,784
124.221.182.156,784
