ip,port,protocol,q_ui_c_handshake_duration,q_ui_c_negotiated_protocol,q_ui_c_used0_rtt,q_ui_c_error,http_version,query_time,total_time,r_code,response_ip,response_ttl,error,vp
178.18.54.141,784,quic,213495318,doq-i03,0,,,201047185,414579851,0,67.225.146.248,2018,,singapore
178.18.54.141,784,quic,844052,doq-i03,1,,,201241874,405332433,0,67.225.146.248,2016,,singapore
129.151.170.218,784,quic,315676171,doq-i03,0,,,313050502,628765142,0,67.225.146.248,3582,,singapore
129.151.170.218,784,quic,315122397,doq-i03,0,,,313032992,628227383,0,67.225.146.248,3579,,singapore
172.105.16.134,784,quic,685957917,doq-i03,0,,,247098860,933090244,0,67.225.146.248,2647,,singapore
172.105.16.134,784,quic,245692989,doq-i03,0,,,242010859,487735635,0,67.225.146.248,2645,,singapore
45.76.144.127,784,quic,26921219,doq-i02,0,,,1813377,28874046,0,67.225.146.248,1613,,singapore
45.76.144.127,784,quic,3790982,doq-i02,0,,,1588488,5418286,0,67.225.146.248,1611,,singapore
188.68.45.12,784,quic,338212962,doq-i03,0,,,162825443,501070321,0,67.225.146.248,3584,,singapore
188.68.45.12,784,quic,778146,doq-i03,1,,,163937404,328470909,0,67.225.146.248,3583,,singapore
23.94.216.128,784,quic,394822709,doq-i03,0,,,194203988,589066936,0,67.225.146.248,3584,,singapore
23.94.216.128,784,quic,683719,doq-i03,1,,,195324187,392353773,0,67.225.146.248,3582,,singapore
106.12.119.30,784,quic,200861725,doq-i03,0,,,196703952,397627623,0,0.0.0.0,584,,singapore
106.12.119.30,784,quic,929334,doq-i03,1,,,188400143,387248965,0,0.0.0.0,582,,singapore
140.238.65.73,784,quic,467203802,doq-i03,0,,,231221932,698462665,0,67.225.146.248,2066,,singapore
140.238.65.73,784,quic,887955,doq-i03,1,,,231029141,464371925,0,67.225.146.248,2064,,singapore
139.59.232.4,784,quic,13320504,doq-i03,0,,,2354821,15705354,3,,,,singapore
139.59.232.4,784,quic,908637,doq-i03,1,,,1926367,6325773,3,,,,singapore
37.114.37.199,784,quic,394184384,doq-i03,0,,,188751385,582970814,0,67.225.146.248,59,,singapore
37.114.37.199,784,quic,838744,doq-i03,1,,,188232455,379632088,0,67.225.146.248,57,,singapore
3.0.86.126,784,quic,23197702,doq-i03,0,,,1295773,24530499,0,67.225.146.248,2655,,singapore
3.0.86.126,784,quic,3301688,doq-i03,0,,,1380022,4737282,0,67.225.146.248,2654,,singapore
3.0.86.126,853,quic,16505619,doq-i03,0,,,2176219,18747832,0,67.225.146.248,2649,,singapore
3.0.86.126,853,quic,5603268,doq-i03,0,,,1937088,7578602,0,67.225.146.248,2648,,singapore
132.145.51.148,784,quic,466572003,doq-i03,0,,,230484494,697086978,0,67.225.146.248,2647,,singapore
132.145.51.148,784,quic,725636,doq-i03,1,,,230600730,463302604,0,67.225.146.248,2645,,singapore
5.181.76.56,784,quic,216559980,doq-i03,0,,,209445402,426036683,0,67.225.146.248,3509,,singapore
5.181.76.56,784,quic,846827,doq-i03,1,,,209041601,420430418,0,67.225.146.248,3507,,singapore
94.140.14.140,784,quic,7603221,doq-i03,0,,,2699862,10357737,0,67.225.146.248,2292,,singapore
94.140.14.140,784,quic,4604193,doq-i03,0,,,2569241,7225080,0,67.225.146.248,2291,,singapore
94.140.14.140,8853,quic,7302050,doq-i03,0,,,2710736,10047403,0,67.225.146.248,2289,,singapore
45.66.130.62,784,quic,277129759,doq-i02,0,,,69892577,347086138,0,67.225.146.248,1772,,singapore
94.140.14.140,8853,quic,4055940,doq-i03,0,,,3156415,7247503,0,67.225.146.248,2287,,singapore
45.66.130.62,784,quic,70327911,doq-i02,0,,,68197326,138563758,0,67.225.146.248,1770,,singapore
94.140.14.140,853,quic,7412260,doq-i03,0,,,2444339,9918639,0,67.225.146.248,2286,,singapore
94.140.14.140,853,quic,54981089,doq-i03,0,,,37943543,92959157,0,67.225.146.248,2285,,singapore
41.21.230.0,784,quic,1211677629,doq-i02,0,,,336995271,1548707007,0,67.225.146.248,1475,,singapore
41.21.230.0,784,quic,338754134,doq-i02,0,,,336447506,675242001,0,67.225.146.248,1473,,singapore
64.112.126.239,784,quic,634068581,doq-i02,0,,,209760450,843867114,0,67.225.146.248,2326,,singapore
138.2.79.123,784,quic,8878739,doq-i03,0,,,2459299,11375779,0,67.225.146.248,233,,singapore
64.112.126.239,784,quic,211536980,doq-i02,0,,,209747353,421360877,0,67.225.146.248,2324,,singapore
138.2.79.123,784,quic,928363,doq-i03,1,,,2465174,7097481,0,67.225.146.248,231,,singapore
129.154.52.68,784,quic,160790926,doq-i03,0,,,77416746,238246521,0,67.225.146.248,1451,,singapore
129.154.52.68,784,quic,832830,doq-i03,1,,,77236422,156807907,0,67.225.146.248,1449,,singapore
40.83.113.177,784,quic,368225698,doq-i02,0,,,120703726,488971113,0,67.225.146.248,1201,,singapore
40.83.113.177,784,quic,122906153,doq-i02,0,,,120103197,243040365,0,67.225.146.248,1199,,singapore
217.160.172.238,784,quic,722870065,doq-i03,0,,,356784484,1079694415,0,67.225.146.248,674,,singapore
217.160.172.238,784,quic,849173,doq-i03,1,,,356662726,721407837,0,67.225.146.248,672,,singapore
146.56.176.39,784,quic,87406908,doq-i03,0,,,81995135,169439063,0,67.225.146.248,2278,,singapore
146.56.176.39,784,quic,1001060,doq-i03,1,,,82010502,166806037,0,67.225.146.248,2276,,singapore
178.18.54.141,784,quic,213005075,doq-i03,0,,,204681429,417717979,0,67.225.146.248,1382,,singapore
178.18.54.141,784,quic,683004,doq-i03,1,,,203189689,407595334,0,67.225.146.248,1380,,singapore
129.151.170.218,784,quic,328202614,doq-i03,0,,,325532919,653795863,0,67.225.146.248,2946,,singapore
129.151.170.218,784,quic,327381963,doq-i03,0,,,325509400,652931640,0,67.225.146.248,2944,,singapore
172.105.16.134,784,quic,668672981,doq-i03,0,,,235932385,904664470,0,67.225.146.248,2011,,singapore
172.105.16.134,784,quic,235108152,doq-i03,0,,,234986845,470125021,0,67.225.146.248,2009,,singapore
45.76.144.127,784,quic,24561284,doq-i02,0,,,2025061,26624662,0,67.225.146.248,977,,singapore
45.76.144.127,784,quic,8805095,doq-i02,0,,,3880853,12716750,0,67.225.146.248,976,,singapore
188.68.45.12,784,quic,346979557,doq-i03,0,,,165750067,512764716,0,67.225.146.248,2949,,singapore
188.68.45.12,784,quic,675063,doq-i03,1,,,165783519,333059101,0,67.225.146.248,2947,,singapore
23.94.216.128,784,quic,385385355,doq-i03,0,,,188063467,573493915,0,67.225.146.248,2948,,singapore
23.94.216.128,784,quic,819344,doq-i03,1,,,188164210,379140662,0,67.225.146.248,2946,,singapore
106.12.119.30,784,quic,195730226,doq-i03,0,,,773280238,969068406,0,0.0.0.0,584,,singapore
106.12.119.30,784,quic,862038,doq-i03,1,,,192602915,387235262,0,0.0.0.0,582,,singapore
140.238.65.73,784,quic,504284342,doq-i03,0,,,249510976,753854447,0,67.225.146.248,1426,,singapore
140.238.65.73,784,quic,898497,doq-i03,1,,,254951095,506781145,0,67.225.146.248,1424,,singapore
139.59.232.4,784,quic,11572087,doq-i03,0,,,1861046,13487034,3,,,,singapore
139.59.232.4,784,quic,665032,doq-i03,1,,,2575619,6835146,3,,,,singapore
37.114.37.199,784,quic,399562532,doq-i03,0,,,188308020,587912532,0,67.225.146.248,3572,,singapore
37.114.37.199,784,quic,864482,doq-i03,1,,,187891917,377519138,0,67.225.146.248,3570,,singapore
3.0.86.126,784,quic,15963641,doq-i03,0,,,1800314,17818929,0,67.225.146.248,2020,,singapore
3.0.86.126,784,quic,3487747,doq-i03,0,,,1469985,4992609,0,67.225.146.248,2019,,singapore
3.0.86.126,853,quic,15604953,doq-i03,0,,,1362014,17001857,0,67.225.146.248,2014,,singapore
3.0.86.126,853,quic,3492029,doq-i03,0,,,1270562,4798134,0,67.225.146.248,2013,,singapore
5.181.76.56,784,quic,190579006,doq-i03,0,,,186858424,377496292,0,67.225.146.248,2874,,singapore
132.145.51.148,784,quic,505008197,doq-i03,0,,,251353583,756398406,0,67.225.146.248,2008,,singapore
5.181.76.56,784,quic,646958,doq-i03,1,,,190046445,381485388,0,67.225.146.248,2872,,singapore
132.145.51.148,784,quic,815733,doq-i03,1,,,252375215,504859966,0,67.225.146.248,2006,,singapore
94.140.14.140,784,quic,4435236,doq-i03,0,,,2198277,6690131,0,67.225.146.248,1656,,singapore
94.140.14.140,784,quic,6392196,doq-i03,0,,,2202508,8629688,0,67.225.146.248,1655,,singapore
94.140.14.140,8853,quic,6927985,doq-i03,0,,,3004500,9960851,0,67.225.146.248,1653,,singapore
45.66.130.62,784,quic,276103699,doq-i02,0,,,69544009,345687350,0,67.225.146.248,1136,,singapore
94.140.14.140,8853,quic,60737984,doq-i03,0,,,22077211,82872155,0,67.225.146.248,1652,,singapore
45.66.130.62,784,quic,70273412,doq-i02,0,,,67831126,138164702,0,67.225.146.248,1134,,singapore
94.140.14.140,853,quic,7597958,doq-i03,0,,,4562299,12184504,0,67.225.146.248,1650,,singapore
94.140.14.140,853,quic,7687614,doq-i03,0,,,2555329,10278428,0,67.225.146.248,1649,,singapore
41.21.230.0,784,quic,1246002910,doq-i02,0,,,338509588,1584548456,0,67.225.146.248,841,,singapore
41.21.230.0,784,quic,341023885,doq-i02,0,,,338556553,679611217,0,67.225.146.248,839,,singapore
64.112.126.239,784,quic,639269879,doq-i02,0,,,210044041,849344681,0,67.225.146.248,1691,,singapore
138.2.79.123,784,quic,9929515,doq-i03,0,,,10295486,20260774,0,67.225.146.248,2772,,singapore
64.112.126.239,784,quic,211058050,doq-i02,0,,,209359201,420467041,0,67.225.146.248,1689,,singapore
138.2.79.123,784,quic,923465,doq-i03,1,,,2523270,7091408,0,67.225.146.248,2770,,singapore
129.154.52.68,784,quic,168801796,doq-i03,0,,,77930411,246763343,0,67.225.146.248,815,,singapore
129.154.52.68,784,quic,960407,doq-i03,1,,,77561550,157985593,0,67.225.146.248,814,,singapore
40.83.113.177,784,quic,257834932,doq-i02,0,,,84372952,342239976,0,67.225.146.248,563,,singapore
40.83.113.177,784,quic,86766250,doq-i02,0,,,84633669,171457401,0,67.225.146.248,561,,singapore
217.160.172.238,784,quic,713462176,doq-i03,0,,,353404267,1066902606,0,67.225.146.248,39,,singapore
217.160.172.238,784,quic,850605,doq-i03,1,,,353450402,731163296,0,67.225.146.248,37,,singapore
146.56.176.39,784,quic,79863776,doq-i03,0,,,75432391,155333912,0,67.225.146.248,1643,,singapore
146.56.176.39,784,quic,1253470,doq-i03,1,,,76516127,154171616,0,67.225.146.248,1641,,singapore
178.18.54.141,784,quic,387966407,doq-i03,0,,,189747748,577743282,0,67.225.146.248,437,,singapore
178.18.54.141,784,quic,760759,doq-i03,1,,,188078924,379255488,0,67.225.146.248,435,,singapore
129.151.170.218,784,quic,328423407,doq-i03,0,,,325561812,654023550,0,67.225.146.248,2001,,singapore
129.151.170.218,784,quic,327647226,doq-i03,0,,,325980354,653659295,0,67.225.146.248,1999,,singapore
172.105.16.134,784,quic,667797451,doq-i03,0,,,233734592,901584968,0,67.225.146.248,1066,,singapore
172.105.16.134,784,quic,240176528,doq-i03,0,,,238405912,478626324,0,67.225.146.248,1064,,singapore
45.76.144.127,784,quic,20471777,doq-i02,0,,,1778190,22285474,0,67.225.146.248,32,,singapore
45.76.144.127,784,quic,6802891,doq-i02,0,,,2358133,9189569,0,67.225.146.248,31,,singapore
188.68.45.12,784,quic,343760344,doq-i03,0,,,165425388,509237756,0,67.225.146.248,2004,,singapore
188.68.45.12,784,quic,808027,doq-i03,1,,,165545915,333325186,0,67.225.146.248,2002,,singapore
23.94.216.128,784,quic,407581579,doq-i03,0,,,198855624,606475559,0,67.225.146.248,2003,,singapore
23.94.216.128,784,quic,2962906,doq-i03,1,,,197642173,400950117,0,67.225.146.248,2001,,singapore
106.12.119.30,784,quic,592367234,doq-i03,0,,,190377074,782777728,0,0.0.0.0,584,,singapore
106.12.119.30,784,quic,826779,doq-i03,1,,,200609218,394485520,0,0.0.0.0,582,,singapore
140.238.65.73,784,quic,465203379,doq-i03,0,,,230054471,695313651,0,67.225.146.248,484,,singapore
140.238.65.73,784,quic,755088,doq-i03,1,,,230169105,463862848,0,67.225.146.248,482,,singapore
139.59.232.4,784,quic,17704782,doq-i03,0,,,2915076,20654591,3,,,,singapore
139.59.232.4,784,quic,801195,doq-i03,1,,,2646438,7895169,3,,,,singapore
37.114.37.199,784,quic,805454878,doq-i03,0,,,195133595,1000647536,0,67.225.146.248,2627,,singapore
37.114.37.199,784,quic,1143978,doq-i03,1,,,194531198,393076271,0,67.225.146.248,2625,,singapore
3.0.86.126,784,quic,23044977,doq-i03,0,,,1419818,24492913,0,67.225.146.248,1075,,singapore
3.0.86.126,784,quic,3030077,doq-i03,0,,,1273661,4340802,0,67.225.146.248,1074,,singapore
3.0.86.126,853,quic,17901474,doq-i03,0,,,1270066,19209042,0,67.225.146.248,1069,,singapore
3.0.86.126,853,quic,3904619,doq-i03,0,,,1241232,5199871,0,67.225.146.248,1068,,singapore
132.145.51.148,784,quic,469935309,doq-i03,0,,,232440711,702413916,0,67.225.146.248,1067,,singapore
132.145.51.148,784,quic,818934,doq-i03,1,,,232660809,467435887,0,67.225.146.248,1065,,singapore
5.181.76.56,784,quic,404530033,doq-i03,0,,,204520485,609086329,0,67.225.146.248,1929,,singapore
5.181.76.56,784,quic,786136,doq-i03,1,,,200162233,403488229,0,67.225.146.248,1927,,singapore
94.140.14.140,784,quic,5893095,doq-i03,0,,,2037419,7985749,0,67.225.146.248,712,,singapore
94.140.14.140,784,quic,4384874,doq-i03,0,,,2101829,6542807,0,67.225.146.248,710,,singapore
94.140.14.140,8853,quic,6640471,doq-i03,0,,,2201669,8896913,0,67.225.146.248,709,,singapore
94.140.14.140,8853,quic,5168098,doq-i03,0,,,2241049,7471617,0,67.225.146.248,707,,singapore
45.66.130.62,784,quic,275443772,doq-i02,0,,,67890873,343394346,0,67.225.146.248,192,,singapore
94.140.14.140,853,quic,5789140,doq-i03,0,,,2056745,7878978,0,67.225.146.248,706,,singapore
45.66.130.62,784,quic,69976407,doq-i02,0,,,68191513,138209572,0,67.225.146.248,190,,singapore
94.140.14.140,853,quic,3660276,doq-i03,0,,,2080086,5774875,0,67.225.146.248,704,,singapore
41.21.230.0,784,quic,1219235877,doq-i02,0,,,339491566,1558786311,0,67.225.146.248,3581,,singapore
41.21.230.0,784,quic,341424845,doq-i02,0,,,339285285,680741154,0,67.225.146.248,3579,,singapore
64.112.126.239,784,quic,635366767,doq-i02,0,,,209585689,844984132,0,67.225.146.248,746,,singapore
64.112.126.239,784,quic,211761143,doq-i02,0,,,209693414,421483788,0,67.225.146.248,745,,singapore
138.2.79.123,784,quic,9463255,doq-i03,0,,,2545962,12079306,0,67.225.146.248,1827,,singapore
138.2.79.123,784,quic,825688,doq-i03,1,,,2882166,14644316,0,67.225.146.248,1826,,singapore
129.154.52.68,784,quic,166697719,doq-i03,0,,,77816186,244544940,0,67.225.146.248,2386,,singapore
129.154.52.68,784,quic,1063516,doq-i03,1,,,77872321,158052244,0,67.225.146.248,2385,,singapore
40.83.113.177,784,quic,109610672,doq-i02,0,,,34208280,143856648,0,67.225.146.248,3035,,singapore
40.83.113.177,784,quic,36651770,doq-i02,0,,,34216673,70909535,0,67.225.146.248,3034,,singapore
217.160.172.238,784,quic,602314646,doq-i03,0,,,297411179,899757706,0,67.225.146.248,3582,,singapore
217.160.172.238,784,quic,824795,doq-i03,1,,,297286396,597621669,0,67.225.146.248,3580,,singapore
146.56.176.39,784,quic,162182684,doq-i03,0,,,78061490,240282798,0,67.225.146.248,698,,singapore
146.56.176.39,784,quic,870004,doq-i03,1,,,78066768,158472330,0,67.225.146.248,697,,singapore
180.231.175.221,853,quic,173563375,doq-i03,0,,,80022092,253625347,0,67.225.146.248,2894,,singapore
180.231.175.221,853,quic,827092,doq-i03,1,,,80774578,165153442,0,67.225.146.248,2892,,singapore
137.184.250.100,784,quic,13124690,doq-i03,0,,,2424656,15601680,3,,,,singapore
137.184.250.100,784,quic,850341,doq-i03,1,,,2580450,11371662,3,,,,singapore
185.187.170.116,853,quic,599018367,doq-i03,0,,,296068660,895121611,0,67.225.146.248,3210,,singapore
185.187.170.116,853,quic,2096960,doq-i03,1,,,296679705,595443723,0,67.225.146.248,3207,,singapore
168.138.150.126,784,quic,737042775,doq-i03,0,,,366303344,1103392613,0,67.225.146.248,2329,,singapore
168.138.150.126,784,quic,368607828,doq-i03,0,,,366713961,735379022,0,67.225.146.248,2327,,singapore
103.237.147.61,784,quic,132743086,doq-i03,0,,,62206141,195001334,0,67.225.146.248,287,,singapore
103.237.147.61,784,quic,866478,doq-i03,1,,,67815557,136447031,0,67.225.146.248,285,,singapore
108.137.35.4,784,quic,58670970,doq-i03,0,,,16181740,74890928,0,67.225.146.248,2639,,singapore
108.137.35.4,784,quic,18107406,doq-i03,0,,,15120086,33263509,0,67.225.146.248,2637,,singapore
85.214.195.112,784,quic,602005520,doq-i03,0,,,298552357,900594882,0,0.0.0.0,10,,singapore
108.137.35.4,853,quic,58502943,doq-i03,0,,,15058722,73601038,0,67.225.146.248,2632,,singapore
85.214.195.112,784,quic,660106,doq-i03,1,,,298842015,598957000,0,0.0.0.0,10,,singapore
108.137.35.4,853,quic,18277481,doq-i03,0,,,14873074,33210162,0,67.225.146.248,2630,,singapore
20.212.115.110,8853,quic,7979575,doq-i03,0,,,1684320,9726155,0,67.225.146.248,3584,,singapore
20.212.115.110,8853,quic,3890019,doq-i03,0,,,1641784,5614143,0,67.225.146.248,3583,,singapore
188.72.209.168,784,quic,341235280,doq-i03,0,,,168525902,509799997,0,67.225.146.248,1485,,singapore
188.72.209.168,784,quic,171671088,doq-i03,0,,,167587207,339294538,0,67.225.146.248,1483,,singapore
193.123.252.172,784,quic,162710138,doq-i03,0,,,79128256,241914383,0,67.225.146.248,3044,,singapore
193.123.252.172,784,quic,1084556,doq-i03,1,,,78824901,159985452,0,67.225.146.248,3042,,singapore
23.94.56.244,784,quic,573126848,doq-i02,0,,,188203698,761394698,0,0.0.0.0,10,,singapore
23.94.56.244,784,quic,190564076,doq-i02,0,,,188870785,379473549,0,0.0.0.0,10,,singapore
62.109.2.197,784,quic,393215123,doq-i03,0,,,194666890,587930998,0,0.0.0.0,10,,singapore
62.109.2.197,784,quic,803708,doq-i03,1,,,193590215,390150553,0,0.0.0.0,10,,singapore
5.181.48.19,784,quic,351687489,doq-i03,0,,,173067039,524792188,0,67.225.146.248,3260,,singapore
5.181.48.19,784,quic,848357,doq-i03,1,,,172754768,348109574,0,67.225.146.248,3258,,singapore
45.129.2.32,784,quic,808899882,doq-i02,0,,,202431189,1011369663,0,67.225.146.248,3256,,singapore
45.129.2.32,784,quic,205654653,doq-i02,0,,,202334143,408025293,0,67.225.146.248,3254,,singapore
167.99.37.126,784,quic,934310379,doq-i02,0,,,241870021,1176220459,0,67.225.146.248,3,,singapore
167.99.37.126,784,quic,245853599,doq-i02,0,,,241835897,487730439,0,67.225.146.248,1,,singapore
160.251.96.67,784,quic,144402295,doq-i03,0,,,67932929,212364558,0,67.225.146.248,2560,,singapore
160.251.96.67,784,quic,853078,doq-i03,1,,,67626279,141023028,0,67.225.146.248,2558,,singapore
173.82.151.158,784,quic,697612922,doq-i02,0,,,173110972,870780539,0,67.225.146.248,1637,,singapore
173.82.151.158,784,quic,175459065,doq-i02,0,,,173114140,348608937,0,67.225.146.248,1635,,singapore
188.68.59.46,784,quic,475732788,doq-i03,0,,,157543055,633340884,0,0.0.0.0,10,,singapore
188.68.59.46,784,quic,158119145,doq-i03,0,,,155724278,313874149,0,0.0.0.0,10,,singapore
51.195.116.94,784,quic,571176217,doq-i03,0,,,279964582,851175782,0,67.225.146.248,2587,,singapore
51.195.116.94,784,quic,482777454,doq-i03,0,,,284823748,767636146,0,67.225.146.248,2585,,singapore
47.108.131.255,784,quic,272734314,doq-i03,0,,,133596643,406368533,0,67.225.146.248,3570,,singapore
47.108.131.255,784,quic,698562,doq-i03,1,,,133386816,268717083,0,67.225.146.248,3569,,singapore
47.103.26.225,784,quic,317760466,doq-i02,0,,,104193794,422004461,0,67.225.146.248,2276,,singapore
47.103.26.225,784,quic,106538267,doq-i02,0,,,104197576,210790187,0,67.225.146.248,2274,,singapore
150.136.214.141,784,quic,861038330,doq-i03,0,,,284217930,1145287887,0,67.225.146.248,84,,singapore
150.136.214.141,784,quic,286113819,doq-i03,0,,,283882385,570050915,0,67.225.146.248,82,,singapore
152.70.189.89,784,quic,322554028,doq-i03,0,,,158974839,481581609,0,0.0.0.0,10,,singapore
152.70.189.89,784,quic,814583,doq-i03,1,,,159192795,320197272,0,0.0.0.0,10,,singapore
54.179.190.143,784,quic,11993433,doq-i03,0,,,2117182,14139160,0,67.225.146.248,1506,,singapore
54.179.190.143,784,quic,829367,doq-i03,1,,,2145833,6125822,0,67.225.146.248,1505,,singapore
176.103.134.4,784,quic,515938825,doq-i03,0,,,257366292,773342661,0,67.225.146.248,3583,,singapore
176.103.134.4,784,quic,264119361,doq-i03,0,,,253933365,518089703,0,67.225.146.248,3581,,singapore
176.103.134.4,8853,quic,512203573,doq-i03,0,,,253243790,765509115,0,67.225.146.248,3579,,singapore
176.103.134.4,8853,quic,259868374,doq-i03,0,,,256178062,516123365,0,67.225.146.248,3577,,singapore
176.103.134.4,853,quic,535485812,doq-i03,0,,,266294157,801818725,0,67.225.146.248,3574,,singapore
176.103.134.4,853,quic,274393096,doq-i03,0,,,271104237,545535955,0,67.225.146.248,3572,,singapore
185.253.5.254,8853,quic,505060334,doq-i03,0,,,251161599,756257834,0,67.225.146.248,3579,,singapore
185.253.5.254,8853,quic,252897522,doq-i03,0,,,253806435,506735127,0,67.225.146.248,3577,,singapore
82.118.227.235,784,quic,541851284,doq-i03,0,,,266349098,808236910,0,0.0.0.0,10,,singapore
108.136.97.40,784,quic,61521913,doq-i03,0,,,15201747,76777446,0,67.225.146.248,2380,,singapore
82.118.227.235,784,quic,691499,doq-i03,1,,,266773275,534384930,0,0.0.0.0,10,,singapore
108.136.97.40,784,quic,17016235,doq-i03,0,,,15071606,32146540,0,67.225.146.248,2378,,singapore
108.136.97.40,853,quic,72918717,doq-i03,0,,,16365551,89322902,0,67.225.146.248,2373,,singapore
108.136.97.40,853,quic,18487581,doq-i03,0,,,16255852,34798691,0,67.225.146.248,2371,,singapore
176.102.36.61,784,quic,807855088,doq-i03,0,,,306019572,1113905748,0,0.0.0.0,10,,singapore
176.102.36.61,784,quic,330194460,doq-i03,0,,,307809579,638046373,0,0.0.0.0,10,,singapore
140.238.26.177,784,quic,174117577,doq-i03,0,,,82633341,256779418,0,67.225.146.248,2533,,singapore
140.238.26.177,784,quic,852306,doq-i03,1,,,82313929,166934510,0,67.225.146.248,2532,,singapore
108.137.49.28,784,quic,58403393,doq-i03,0,,,15418247,73862475,0,67.225.146.248,2646,,singapore
108.137.49.28,784,quic,17347526,doq-i03,0,,,15288395,32672098,0,67.225.146.248,2645,,singapore
218.251.80.123,784,quic,231540021,doq-i00,0,,,82506352,314078277,0,67.225.146.248,3240,,singapore
218.251.80.123,784,quic,76693731,doq-i00,0,,,74515326,151242128,0,67.225.146.248,3238,,singapore
132.226.19.64,784,quic,170664547,doq-i03,0,,,82510379,253233716,0,67.225.146.248,2730,,singapore
185.229.251.250,784,quic,348256350,doq-i03,0,,,168523666,516838135,0,67.225.146.248,3504,,singapore
185.229.251.250,784,quic,1455245,doq-i03,1,,,168557855,340661284,0,67.225.146.248,3502,,singapore
45.67.32.107,784,quic,404239500,doq-i03,0,,,202628513,606904953,0,67.225.146.248,2168,,singapore
45.67.32.107,784,quic,205078750,doq-i03,0,,,202661677,407775972,0,67.225.146.248,2166,,singapore
188.165.4.138,784,quic,558772905,doq-i03,0,,,275824879,834633859,0,67.225.146.248,116,,singapore
188.165.4.138,784,quic,919923,doq-i03,1,,,276497109,553924898,0,67.225.146.248,114,,singapore
198.255.103.36,784,quic,358623818,doq-i03,0,,,180675555,539354348,0,67.225.146.248,2811,,singapore
198.255.103.36,784,quic,1115025,doq-i03,1,,,175424542,352837595,0,67.225.146.248,2809,,singapore
132.145.83.120,784,quic,161770643,doq-i03,0,,,77791663,239596983,0,67.225.146.248,2575,,singapore
132.145.83.120,784,quic,723380,doq-i03,1,,,77985914,158090189,0,67.225.146.248,2573,,singapore
176.103.130.136,784,quic,483521984,doq-i03,0,,,240844295,724404380,0,67.225.146.248,943,,singapore
194.87.238.247,784,quic,861657685,doq-i03,0,,,209036386,1070722005,0,67.225.146.248,3582,,singapore
176.103.130.136,784,quic,248688515,doq-i03,0,,,245095630,493818858,0,67.225.146.248,941,,singapore
194.87.238.247,784,quic,858757,doq-i03,1,,,202045756,407463749,0,67.225.146.248,3581,,singapore
176.103.130.136,8853,quic,488143610,doq-i03,0,,,241025075,729199844,0,67.225.146.248,939,,singapore
176.103.130.136,8853,quic,242714710,doq-i03,0,,,240733264,483485960,0,67.225.146.248,937,,singapore
176.103.130.136,853,quic,484544155,doq-i03,0,,,241273543,725854892,0,67.225.146.248,935,,singapore
176.103.130.136,853,quic,243450537,doq-i03,0,,,241297635,484779980,0,67.225.146.248,933,,singapore
194.29.187.122,784,quic,132457827,doq-i03,0,,,32389353,164899634,0,0.0.0.0,10,,singapore
194.29.187.122,784,quic,34608995,doq-i03,0,,,32514528,67167770,0,0.0.0.0,10,,singapore
180.93.137.1,784,quic,293145527,doq-i03,0,,,71101798,364276897,0,67.225.146.248,3172,,singapore
180.93.137.1,784,quic,75105127,doq-i03,0,,,71259826,146400663,0,67.225.146.248,3171,,singapore
34.80.137.209,8853,quic,107608469,doq-i03,0,,,46712554,154381575,3,,,,singapore
209.17.118.5,784,quic,18344849,doq-i02,0,,,3214632,21596317,0,0.0.0.0,10,,singapore
34.80.137.209,8853,quic,850896,doq-i03,1,,,46381030,94984449,3,,,,singapore
209.17.118.5,784,quic,6366559,doq-i02,0,,,3747052,10174248,0,0.0.0.0,10,,singapore
129.153.82.120,784,quic,481107381,doq-i03,0,,,237964464,719103813,0,0.0.0.0,10,,singapore
129.153.82.120,784,quic,987179,doq-i03,1,,,241813046,481964057,0,0.0.0.0,10,,singapore
135.125.181.234,784,quic,1381702055,doq-i02,0,,,282025222,1663759508,0,67.225.146.248,2744,,singapore
132.226.232.79,784,quic,335003249,doq-i02,0,,,82849642,417879864,0,67.225.146.248,2055,,singapore
132.226.232.79,784,quic,91324303,doq-i02,0,,,84774809,176159231,0,67.225.146.248,2053,,singapore
135.125.181.234,784,quic,1472885680,doq-i02,0,,,828546025,2301463797,0,67.225.146.248,2741,,singapore
140.238.42.214,784,quic,140284668,doq-i03,0,,,67875060,208198866,0,67.225.146.248,2613,,singapore
140.238.42.214,784,quic,809017,doq-i03,1,,,67603767,137370569,0,67.225.146.248,2612,,singapore
158.101.149.111,784,quic,140154023,doq-i03,0,,,67988316,208170362,0,67.225.146.248,2548,,singapore
158.101.149.111,784,quic,871036,doq-i03,1,,,67851041,137723112,0,67.225.146.248,2546,,singapore
176.103.130.134,784,quic,485041779,doq-i03,0,,,241458685,726572859,0,67.225.146.248,852,,singapore
176.103.130.134,784,quic,243210698,doq-i03,0,,,241253956,484502196,0,67.225.146.248,850,,singapore
103.105.98.141,784,quic,40120794,doq-i03,0,,,16626513,56783822,0,67.225.146.248,2158,,singapore
103.105.98.141,784,quic,39016648,doq-i03,0,,,16498421,55564721,0,67.225.146.248,2156,,singapore
176.103.130.134,8853,quic,484992701,doq-i03,0,,,241609988,726638201,0,67.225.146.248,848,,singapore
176.103.130.134,8853,quic,243221256,doq-i03,0,,,241249185,484500647,0,67.225.146.248,846,,singapore
176.103.130.134,853,quic,485811102,doq-i03,0,,,241434714,727621426,0,67.225.146.248,844,,singapore
176.103.130.134,853,quic,243467876,doq-i03,0,,,247262352,490766841,0,67.225.146.248,842,,singapore
185.253.5.0,8853,quic,475280120,doq-i03,0,,,236455871,711788248,0,67.225.146.248,3287,,singapore
185.253.5.0,8853,quic,238383174,doq-i03,0,,,236403267,474817660,0,67.225.146.248,3285,,singapore
103.192.236.243,784,quic,230192317,doq-i00,0,,,55932671,286155220,0,67.225.146.248,2786,,singapore
103.192.236.243,784,quic,57431726,doq-i00,0,,,55343411,112832757,0,67.225.146.248,2785,,singapore
213.32.85.185,784,quic,524904983,doq-i03,0,,,260515812,785457507,0,67.225.146.248,445,,singapore
213.32.85.185,784,quic,1541272,doq-i03,1,,,260297969,536711264,0,67.225.146.248,443,,singapore
51.38.176.180,784,quic,541107631,doq-i03,0,,,272682149,813819989,0,67.225.146.248,2787,,singapore
51.38.176.180,784,quic,841179,doq-i03,1,,,265856492,534804116,0,67.225.146.248,2785,,singapore
146.56.137.68,784,quic,150286070,doq-i03,0,,,72662736,222985853,0,67.225.146.248,2733,,singapore
146.56.137.68,784,quic,837564,doq-i03,1,,,72032021,146359986,0,67.225.146.248,2731,,singapore
118.163.170.2,784,quic,137229049,doq-i03,0,,,62455676,199722467,3,,,,singapore
217.160.68.68,784,quic,777393878,doq-i03,0,,,369039697,1146484827,3,,,,singapore
118.163.170.2,784,quic,810424,doq-i03,1,,,63472909,245211250,3,,,,singapore
217.160.68.68,784,quic,748861,doq-i03,1,,,369517690,740576268,3,,,,singapore
176.103.134.149,784,quic,515916289,doq-i03,0,,,254723293,770676168,0,67.225.146.248,3172,,singapore
108.137.15.53,784,quic,58327338,doq-i03,0,,,16492992,74857622,0,67.225.146.248,2015,,singapore
108.137.15.53,784,quic,17768358,doq-i03,0,,,16214952,34020462,0,67.225.146.248,2013,,singapore
176.103.134.149,784,quic,260356107,doq-i03,0,,,257023434,517420428,0,67.225.146.248,3170,,singapore
176.103.134.149,8853,quic,517204326,doq-i03,0,,,256017330,773258458,0,67.225.146.248,3168,,singapore
176.103.134.149,8853,quic,257444838,doq-i03,0,,,256256204,513745068,0,67.225.146.248,3166,,singapore
108.137.15.53,853,quic,60767199,doq-i03,0,,,15113232,75910913,0,67.225.146.248,2008,,singapore
176.103.134.149,853,quic,521815937,doq-i03,0,,,256771527,778621199,0,67.225.146.248,3163,,singapore
108.137.15.53,853,quic,17218166,doq-i03,0,,,15101375,32354445,0,67.225.146.248,2006,,singapore
176.103.134.149,853,quic,263457656,doq-i03,0,,,261064101,524581125,0,67.225.146.248,3161,,singapore
176.103.130.130,784,quic,485011133,doq-i03,0,,,241323803,726372400,0,67.225.146.248,702,,singapore
176.103.130.130,784,quic,243517047,doq-i03,0,,,241295432,484843093,0,67.225.146.248,700,,singapore
176.103.130.130,8853,quic,483189951,doq-i03,0,,,240550754,723794188,0,67.225.146.248,698,,singapore
176.103.130.130,8853,quic,242161607,doq-i03,0,,,241269613,483489699,0,67.225.146.248,696,,singapore
176.103.130.130,853,quic,488429603,doq-i03,0,,,241488580,729950773,0,67.225.146.248,694,,singapore
176.103.130.130,853,quic,244530137,doq-i03,0,,,241624391,486210307,0,67.225.146.248,692,,singapore
35.224.3.28,784,quic,448680496,doq-i03,0,,,209910210,658627054,0,67.225.146.248,3584,,singapore
35.224.3.28,784,quic,681143,doq-i03,1,,,209450880,421317686,0,67.225.146.248,3582,,singapore
103.82.26.64,784,quic,139583693,doq-i03,0,,,61447787,201069985,0,0.0.0.0,10,,singapore
103.82.26.64,784,quic,62689389,doq-i03,0,,,61219577,123945271,0,0.0.0.0,10,,singapore
176.103.134.134,784,quic,508449303,doq-i03,0,,,268760519,777263657,0,67.225.146.248,3101,,singapore
176.103.134.134,784,quic,275037016,doq-i03,0,,,252385356,527462649,0,67.225.146.248,3099,,singapore
176.103.134.134,8853,quic,515224901,doq-i03,0,,,254972045,770232894,0,67.225.146.248,3097,,singapore
176.103.134.134,8853,quic,262213776,doq-i03,0,,,271233894,533486122,0,67.225.146.248,3095,,singapore
31.172.71.115,784,quic,808666550,doq-i03,0,,,201001937,1009728281,0,67.225.146.248,1912,,singapore
176.103.134.134,853,quic,525394045,doq-i03,0,,,264358661,789810896,0,67.225.146.248,3093,,singapore
31.172.71.115,784,quic,201770506,doq-i03,0,,,199493953,401295601,0,67.225.146.248,1910,,singapore
176.103.134.134,853,quic,270086857,doq-i03,0,,,262171256,532300185,0,67.225.146.248,3091,,singapore
132.145.123.5,784,quic,149348308,doq-i03,0,,,67319438,216706469,0,67.225.146.248,3586,,singapore
132.145.123.5,784,quic,725630,doq-i03,1,,,67440794,138103599,0,67.225.146.248,3584,,singapore
85.235.65.70,784,quic,345089641,doq-i03,0,,,168246833,513392508,0,67.225.146.248,2292,,singapore
85.235.65.70,784,quic,169583101,doq-i03,0,,,167747099,337367198,0,67.225.146.248,2290,,singapore
150.136.108.85,784,quic,572681746,doq-i03,0,,,284633185,857346722,0,67.225.146.248,10,,singapore
150.136.108.85,784,quic,289166783,doq-i03,0,,,282910276,572138818,0,67.225.146.248,10,,singapore
82.165.167.96,784,quic,719426752,doq-i03,0,,,357415159,1076880920,0,0.0.0.0,10,,singapore
82.165.167.96,784,quic,789826,doq-i03,1,,,357613958,718039565,0,0.0.0.0,10,,singapore
103.172.17.226,784,quic,48098296,doq-i03,0,,,19875741,68025095,0,67.225.146.248,3427,,singapore
176.103.130.149,784,quic,504223582,doq-i03,0,,,241218824,745478211,0,67.225.146.248,611,,singapore
103.172.17.226,784,quic,21971009,doq-i03,0,,,19253313,41258292,0,67.225.146.248,3426,,singapore
176.103.130.149,784,quic,242911559,doq-i03,0,,,241057717,484008778,0,67.225.146.248,609,,singapore
176.103.130.149,8853,quic,483965766,doq-i03,0,,,241780003,725799943,0,67.225.146.248,607,,singapore
45.55.104.59,784,quic,685619733,doq-i03,0,,,243041198,928716144,0,67.225.146.248,1311,,singapore
176.103.130.149,8853,quic,242464232,doq-i03,0,,,240565689,483061593,0,67.225.146.248,605,,singapore
152.67.204.139,784,quic,175566083,doq-i03,0,,,84563834,260162586,0,67.225.146.248,2205,,singapore
45.55.104.59,784,quic,245552482,doq-i03,0,,,241731946,487341364,0,67.225.146.248,1309,,singapore
152.67.204.139,784,quic,87001013,doq-i03,0,,,84563039,171597337,0,67.225.146.248,2203,,singapore
176.103.130.149,853,quic,483018946,doq-i03,0,,,240520423,723591692,0,67.225.146.248,602,,singapore
176.103.130.149,853,quic,241932248,doq-i03,0,,,240417431,482379835,0,67.225.146.248,600,,singapore
66.42.74.125,784,quic,635600877,doq-i02,0,,,157662749,793304523,0,67.225.146.248,818,,singapore
66.42.74.125,784,quic,161521911,doq-i02,0,,,157460740,319017213,0,67.225.146.248,816,,singapore
117.88.57.236,784,quic,248235233,doq-i02,0,,,76923595,325196826,0,67.225.146.248,1810,,singapore
117.88.57.236,784,quic,74323215,doq-i02,0,,,72198946,146555993,0,67.225.146.248,1809,,singapore
34.216.213.52,784,quic,341491029,doq-i03,0,,,182098713,523636814,0,67.225.146.248,3585,,singapore
34.216.213.52,784,quic,926622,doq-i03,1,,,174805271,345499523,0,67.225.146.248,3583,,singapore
51.89.26.38,784,quic,1796095440,doq-i03,0,,,285735163,2081881235,0,67.225.146.248,2514,,singapore
51.89.26.38,784,quic,817116,doq-i03,1,,,289420568,1434298023,0,67.225.146.248,2511,,singapore
94.140.15.16,784,quic,7288461,doq-i03,0,,,2692036,10015001,0,67.225.146.248,3348,,singapore
94.140.15.16,784,quic,4232537,doq-i03,0,,,2594430,6860919,0,67.225.146.248,3347,,singapore
94.140.15.16,8853,quic,7461057,doq-i03,0,,,2788415,10282627,0,67.225.146.248,3345,,singapore
94.140.15.16,8853,quic,8857571,doq-i03,0,,,2606023,11498657,0,67.225.146.248,3343,,singapore
94.140.15.16,853,quic,5718759,doq-i03,0,,,1911678,7662846,0,67.225.146.248,3342,,singapore
94.140.15.16,853,quic,3631228,doq-i03,0,,,1838498,5510076,0,67.225.146.248,3340,,singapore
50.7.14.7,784,quic,185271393,doq-i03,0,,,89002477,274313137,0,67.225.146.248,1854,,singapore
50.7.14.7,784,quic,894092,doq-i03,1,,,88651728,179594375,0,67.225.146.248,1853,,singapore
31.44.0.4,784,quic,750770705,doq-i03,0,,,273016711,1023838375,0,67.225.146.248,2677,,singapore
103.227.141.70,784,quic,54870221,doq-i03,0,,,23321782,78224511,0,67.225.146.248,3300,,singapore
103.227.141.70,784,quic,858260,doq-i03,1,,,22656338,49604029,0,67.225.146.248,3299,,singapore
31.44.0.4,784,quic,275209708,doq-i03,0,,,272778773,548025991,0,67.225.146.248,2674,,singapore
176.103.134.34,784,quic,537323818,doq-i03,0,,,262789215,800215633,0,67.225.146.248,2951,,singapore
176.103.134.34,784,quic,268737529,doq-i03,0,,,265617139,534392764,0,67.225.146.248,2949,,singapore
176.103.134.34,8853,quic,528642505,doq-i03,0,,,266333749,795036192,0,67.225.146.248,2947,,singapore
176.103.134.34,8853,quic,276472400,doq-i03,0,,,263095201,539615661,0,67.225.146.248,2945,,singapore
31.184.206.207,784,quic,391621245,doq-i03,0,,,193601572,585254094,0,67.225.146.248,1751,,singapore
176.103.134.34,853,quic,530169132,doq-i03,0,,,265403375,795600607,0,67.225.146.248,2942,,singapore
31.184.206.207,784,quic,984748,doq-i03,1,,,193020361,388810103,0,67.225.146.248,1749,,singapore
176.103.134.34,853,quic,264464279,doq-i03,0,,,260925290,525427961,0,67.225.146.248,2940,,singapore
140.238.10.79,784,quic,150157588,doq-i03,0,,,70834076,221021707,0,67.225.146.248,2206,,singapore
140.238.10.79,784,quic,844103,doq-i03,1,,,70747584,143617501,0,67.225.146.248,2204,,singapore
109.173.22.228,784,quic,426689102,doq-i03,0,,,225151722,651883264,0,67.225.146.248,2504,,singapore
109.173.22.228,784,quic,228170039,doq-i03,0,,,225396699,453605743,0,67.225.146.248,2502,,singapore
152.67.162.236,784,quic,146107352,doq-i03,0,,,44822977,190958203,5,,,,singapore
152.67.162.236,784,quic,6175396,doq-i03,1,,,46358952,97619077,5,,,,singapore
51.195.103.20,784,quic,578128095,doq-i03,0,,,818271712,1396439205,0,67.225.146.248,5,,singapore
51.195.103.20,784,quic,800862,doq-i03,1,,,288756133,577928772,0,67.225.146.248,3,,singapore
108.136.172.34,784,quic,58037528,doq-i03,0,,,15691095,73761142,0,67.225.146.248,2708,,singapore
108.136.172.34,784,quic,30606565,doq-i03,0,,,74434150,105077301,0,67.225.146.248,2707,,singapore
185.232.170.153,784,quic,506075885,doq-i03,0,,,164640654,670745544,0,67.225.146.248,2068,,singapore
185.232.170.153,784,quic,169098542,doq-i03,0,,,166407657,335561556,0,67.225.146.248,2066,,singapore
152.67.205.196,784,quic,165205767,doq-i03,0,,,88039358,253280360,0,67.225.146.248,2035,,singapore
152.67.205.196,784,quic,665202,doq-i03,1,,,80384478,159979190,0,67.225.146.248,2033,,singapore
192.26.105.29,784,quic,1088408799,doq-i02,0,,,294248565,1382700424,0,67.225.146.248,2511,,singapore
192.26.105.29,784,quic,296847697,doq-i02,0,,,293684379,590624202,0,67.225.146.248,2509,,singapore
8.210.148.24,784,quic,74672306,doq-i03,0,,,34764077,109487086,0,67.225.146.248,1150,,singapore
8.210.148.24,784,quic,757211,doq-i03,1,,,34684234,71087925,0,67.225.146.248,1149,,singapore
8.210.148.24,8853,quic,82049174,doq-i03,0,,,39652340,121756287,0,67.225.146.248,1147,,singapore
8.210.148.24,8853,quic,871611,doq-i03,1,,,38565900,79175927,0,67.225.146.248,1145,,singapore
77.68.21.94,784,quic,677057417,doq-i03,0,,,324199598,1001316354,0,67.225.146.248,2174,,singapore
77.68.21.94,784,quic,882615,doq-i03,1,,,323967719,650644607,0,67.225.146.248,2172,,singapore
152.69.185.118,784,quic,178182644,doq-i03,0,,,84380304,262595378,0,67.225.146.248,600,,singapore
152.69.185.118,784,quic,844256,doq-i03,1,,,84207093,175802487,0,67.225.146.248,598,,singapore
104.238.154.123,784,quic,377609018,doq-i03,0,,,185927648,563567892,0,0.0.0.0,10,,singapore
104.238.154.123,784,quic,890783,doq-i03,1,,,189720810,377904675,0,0.0.0.0,10,,singapore
176.103.134.150,784,quic,519499160,doq-i03,0,,,258316221,777850315,0,67.225.146.248,2802,,singapore
176.103.134.150,784,quic,268464898,doq-i03,0,,,257575751,526080347,0,67.225.146.248,2800,,singapore
176.103.134.150,8853,quic,516900469,doq-i03,0,,,255351626,772290428,0,67.225.146.248,2798,,singapore
176.103.134.150,8853,quic,259604965,doq-i03,0,,,256372176,516010960,0,67.225.146.248,2796,,singapore
176.103.134.150,853,quic,515181031,doq-i03,0,,,256751606,771964950,0,67.225.146.248,2793,,singapore
176.103.134.150,853,quic,256972402,doq-i03,0,,,257621726,514632199,0,67.225.146.248,2791,,singapore
51.38.196.99,784,quic,1043003456,doq-i02,0,,,289037750,1332088468,0,67.225.146.248,1991,,singapore
51.38.196.99,784,quic,279765988,doq-i02,0,,,277864239,557683570,0,67.225.146.248,1988,,singapore
52.229.189.143,784,quic,246068203,doq-i02,0,,,81491786,327590612,0,67.225.146.248,1788,,singapore
52.229.189.143,784,quic,84101024,doq-i02,0,,,80932041,165069255,0,67.225.146.248,1787,,singapore
152.69.204.173,784,quic,160485326,doq-i03,0,,,76704959,237225273,0,1.2.3.4,10,,singapore
152.69.204.173,784,quic,710760,doq-i03,1,,,76256038,154549108,0,1.2.3.4,10,,singapore
103.229.41.91,784,quic,230434053,doq-i00,0,,,55100305,285583003,0,67.225.146.248,442,,singapore
103.229.41.91,784,quic,56889899,doq-i00,0,,,55232279,112158831,0,67.225.146.248,440,,singapore
168.138.36.90,784,quic,288683374,doq-i02,0,,,71280986,360020108,0,67.225.146.248,161,,singapore
168.138.36.90,784,quic,73541693,doq-i02,0,,,72107681,145679159,0,67.225.146.248,159,,singapore
107.191.51.151,784,quic,825303901,doq-i02,0,,,209295280,1034630579,0,67.225.146.248,3071,,singapore
107.191.51.151,784,quic,209947509,doq-i02,0,,,207870965,417857461,0,67.225.146.248,3069,,singapore
5.255.103.147,784,quic,759253744,doq-i02,0,,,188161852,947448486,0,67.225.146.248,1510,,singapore
5.255.103.147,784,quic,192577356,doq-i02,0,,,188094497,380705530,0,67.225.146.248,1508,,singapore
172.105.101.43,784,quic,488663191,doq-i03,0,,,244110121,732809821,0,67.225.146.248,3583,,singapore
172.105.101.43,784,quic,670738,doq-i03,1,,,242680390,486648690,0,67.225.146.248,3581,,singapore
139.162.138.4,784,quic,322860741,doq-i03,0,,,159798141,482715072,5,,,,singapore
139.162.138.4,784,quic,892031,doq-i03,1,,,158479490,318272430,5,,,,singapore
137.184.189.100,784,quic,605686888,doq-i02,0,,,200724037,806440986,0,67.225.146.248,3410,,singapore
137.184.189.100,784,quic,203175753,doq-i02,0,,,204815764,408031677,0,67.225.146.248,3409,,singapore
60.188.58.90,784,quic,152288527,doq-i03,0,,,72306130,224626388,0,67.225.146.248,1003,,singapore
60.188.58.90,784,quic,852109,doq-i03,1,,,72245982,146315044,0,67.225.146.248,1001,,singapore
155.248.171.189,784,quic,141431768,doq-i03,0,,,67364001,208856814,0,67.225.146.248,2617,,singapore
155.248.171.189,784,quic,964062,doq-i03,1,,,67297623,136994726,0,67.225.146.248,2615,,singapore
168.138.50.5,784,quic,161256381,doq-i03,0,,,76274551,237568780,0,67.225.146.248,829,,singapore
168.138.50.5,784,quic,856345,doq-i03,1,,,76317951,155268023,0,67.225.146.248,828,,singapore
159.223.136.223,784,quic,650272873,doq-i03,0,,,224604745,874913827,0,67.225.146.248,855,,singapore
159.223.136.223,784,quic,226546009,doq-i03,0,,,224321162,450897819,0,67.225.146.248,853,,singapore
51.75.162.101,784,quic,468521358,doq-i03,0,,,266637840,735219293,0,67.225.146.248,1946,,singapore
51.75.162.101,784,quic,273270693,doq-i03,0,,,272441832,545756183,0,67.225.146.248,1944,,singapore
164.92.237.199,784,quic,314980642,doq-i03,0,,,154482802,469517591,0,67.225.146.248,43185,,singapore
164.92.237.199,784,quic,678895,doq-i03,1,,,153565747,309549307,0,67.225.146.248,43183,,singapore
103.192.236.242,784,quic,236843768,doq-i00,0,,,56952962,293826366,0,67.225.146.248,634,,singapore
103.192.236.242,784,quic,59788224,doq-i00,0,,,56766771,116593213,0,67.225.146.248,633,,singapore
176.103.134.35,784,quic,505043748,doq-i03,0,,,252406651,757479688,0,67.225.146.248,2551,,singapore
176.103.134.35,784,quic,256193067,doq-i03,0,,,268288369,524516561,0,67.225.146.248,2549,,singapore
176.103.134.35,8853,quic,519853011,doq-i03,0,,,259656490,779568950,0,67.225.146.248,2547,,singapore
176.103.134.35,8853,quic,261189164,doq-i03,0,,,259705117,520930853,0,67.225.146.248,2545,,singapore
158.101.12.70,784,quic,467020873,doq-i03,0,,,229892653,696952390,0,67.225.146.248,1517,,singapore
176.103.134.35,853,quic,515962011,doq-i03,0,,,254963070,770962336,0,67.225.146.248,2543,,singapore
158.101.12.70,784,quic,825369,doq-i03,1,,,226490380,453080579,0,67.225.146.248,1515,,singapore
37.114.32.99,784,quic,892432827,doq-i03,0,,,212858887,1105322991,0,67.225.146.248,1025,,singapore
176.103.134.35,853,quic,257896582,doq-i03,0,,,268029934,525984101,0,67.225.146.248,2541,,singapore
37.114.32.99,784,quic,648857,doq-i03,1,,,207587903,423143510,0,67.225.146.248,1023,,singapore
168.138.41.35,784,quic,146664916,doq-i03,0,,,71243843,217943738,0,67.225.146.248,3125,,singapore
92.205.63.135,784,quic,705005033,doq-i03,0,,,350521166,1055612720,0,67.225.146.248,1685,,singapore
168.138.41.35,784,quic,73053623,doq-i03,0,,,71042110,144128012,0,67.225.146.248,3123,,singapore
43.128.20.252,784,quic,155440428,doq-i02,0,,,38332610,193801658,0,67.225.146.248,1599,,singapore
92.205.63.135,784,quic,681573,doq-i03,1,,,350240402,703621491,0,67.225.146.248,1683,,singapore
43.128.20.252,784,quic,38498742,doq-i02,0,,,36528827,75061525,0,67.225.146.248,1598,,singapore
20.205.127.129,784,quic,247976511,doq-i03,0,,,120325356,368338675,0,0.0.0.0,10,,singapore
20.205.127.129,784,quic,2201126,doq-i03,1,,,120572194,247094909,0,0.0.0.0,10,,singapore
52.169.109.90,784,quic,334537715,doq-i03,0,,,165215627,499816903,0,67.225.146.248,1340,,singapore
52.169.109.90,784,quic,843912,doq-i03,1,,,163981275,330317766,0,67.225.146.248,1338,,singapore
178.254.32.28,784,quic,332537070,doq-i03,0,,,158875891,491449294,0,67.225.146.248,1347,,singapore
178.254.32.28,784,quic,835714,doq-i03,1,,,157790982,318237011,0,67.225.146.248,1345,,singapore
94.140.14.141,784,quic,7215763,doq-i03,0,,,2777074,10058353,0,67.225.146.248,2841,,singapore
94.140.14.141,784,quic,4017162,doq-i03,0,,,2609136,6660453,0,67.225.146.248,2839,,singapore
94.140.14.141,8853,quic,9086944,doq-i03,0,,,10330654,19471464,0,67.225.146.248,2838,,singapore
94.140.14.141,8853,quic,4594128,doq-i03,0,,,2952582,7604513,0,67.225.146.248,2836,,singapore
94.140.14.141,853,quic,7078720,doq-i03,0,,,2473545,9584894,0,67.225.146.248,2835,,singapore
130.61.186.251,784,quic,336204022,doq-i03,0,,,166549481,502811130,0,67.225.146.248,1864,,singapore
94.140.14.141,853,quic,3776673,doq-i03,0,,,2236742,6047642,0,67.225.146.248,2834,,singapore
130.61.186.251,784,quic,977343,doq-i03,1,,,165507228,341017331,0,67.225.146.248,1862,,singapore
35.156.129.204,784,quic,325390442,doq-i03,0,,,159293537,484722899,0,67.225.146.248,1973,,singapore
35.156.129.204,784,quic,2585430,doq-i03,1,,,158969828,319559359,0,67.225.146.248,1971,,singapore
140.238.36.23,784,quic,141666134,doq-i03,0,,,67504301,209207781,0,67.225.146.248,1458,,singapore
140.238.36.23,784,quic,802205,doq-i03,1,,,69129342,147590989,0,67.225.146.248,1457,,singapore
176.103.130.132,784,quic,483523627,doq-i03,0,,,240795619,724352753,0,67.225.146.248,3583,,singapore
176.103.130.132,784,quic,242386842,doq-i03,0,,,241007533,483490153,0,67.225.146.248,3581,,singapore
176.103.130.132,8853,quic,483544582,doq-i03,0,,,240836781,724440902,0,67.225.146.248,3579,,singapore
176.103.130.132,8853,quic,242824685,doq-i03,0,,,240636809,483498165,0,67.225.146.248,3577,,singapore
176.103.130.132,853,quic,483773570,doq-i03,0,,,241393218,725197742,0,67.225.146.248,3575,,singapore
176.103.130.132,853,quic,242367315,doq-i03,0,,,240552085,482971764,0,67.225.146.248,3573,,singapore
37.114.32.80,784,quic,415379573,doq-i03,0,,,193502101,608947521,0,67.225.146.248,2487,,singapore
37.114.32.80,784,quic,906551,doq-i03,1,,,210769774,406103914,0,67.225.146.248,2485,,singapore
45.147.54.7,784,quic,471914016,doq-i03,0,,,548473675,1020425044,0,67.225.146.248,1602,,singapore
45.147.54.7,784,quic,876078,doq-i03,1,,,198404438,399559378,0,67.225.146.248,1600,,singapore
158.101.139.156,784,quic,140760532,doq-i03,0,,,67627483,208444121,0,67.225.146.248,2560,,singapore
158.101.139.156,784,quic,3671604,doq-i03,1,,,67419219,139873524,0,67.225.146.248,2558,,singapore
45.77.25.253,784,quic,203722787,doq-i02,0,,,73404440,277160951,0,0.0.0.0,604800,,singapore
45.77.25.253,784,quic,69540433,doq-i02,0,,,66303044,135883187,0,0.0.0.0,604800,,singapore
85.192.48.70,784,quic,802587355,doq-i02,0,,,198417468,1001036057,0,67.225.146.248,1700,,singapore
85.192.48.70,784,quic,199756123,doq-i02,0,,,198553810,398346512,0,67.225.146.248,1698,,singapore
129.154.226.9,784,quic,115433951,doq-i03,0,,,56651016,172122046,0,67.225.146.248,1578,,singapore
129.154.226.9,784,quic,682727,doq-i03,1,,,52671277,107461880,0,67.225.146.248,1576,,singapore
132.226.217.133,784,quic,595799545,doq-i03,0,,,297087047,892918908,0,67.225.146.248,1239,,singapore
132.226.217.133,784,quic,861687,doq-i03,1,,,295410019,592889472,0,67.225.146.248,1237,,singapore
94.140.14.15,784,quic,7191762,doq-i03,0,,,2613930,9838240,0,67.225.146.248,2679,,singapore
94.140.14.15,784,quic,4188406,doq-i03,0,,,2562199,6781908,0,67.225.146.248,2678,,singapore
94.140.14.15,8853,quic,8615413,doq-i03,0,,,2532516,11179616,0,67.225.146.248,2677,,singapore
94.140.14.15,8853,quic,4283295,doq-i03,0,,,2531973,6851459,0,67.225.146.248,2675,,singapore
94.140.14.15,853,quic,6273326,doq-i03,0,,,2291127,8598198,0,67.225.146.248,2673,,singapore
94.140.14.15,853,quic,3721458,doq-i03,0,,,2044449,5795519,0,67.225.146.248,2672,,singapore
23.94.120.177,784,quic,195992028,doq-i03,0,,,187686250,383706384,0,67.225.146.248,3584,,singapore
94.140.14.14,784,quic,10902711,doq-i03,0,,,5569602,16499923,0,67.225.146.248,2654,,singapore
94.140.14.14,784,quic,3973372,doq-i03,0,,,1995610,6001187,0,67.225.146.248,2653,,singapore
23.94.120.177,784,quic,192499129,doq-i03,0,,,189298164,381825724,0,67.225.146.248,3582,,singapore
94.140.14.14,8853,quic,8886824,doq-i03,0,,,3104608,12045975,0,67.225.146.248,2651,,singapore
94.140.14.14,8853,quic,8585551,doq-i03,0,,,3730195,12369808,0,67.225.146.248,2650,,singapore
94.140.14.14,853,quic,5917620,doq-i03,0,,,1960983,7932068,0,67.225.146.248,2648,,singapore
94.140.14.14,853,quic,3415206,doq-i03,0,,,1920371,5370489,0,67.225.146.248,2647,,singapore
51.15.75.165,784,quic,411843199,doq-i03,0,,,204939747,616834509,0,67.225.146.248,1172,,singapore
51.15.75.165,784,quic,205880932,doq-i03,0,,,202586252,408526119,0,67.225.146.248,1170,,singapore
43.129.73.66,784,quic,171935215,doq-i02,0,,,41878300,213849063,0,67.225.146.248,163,,singapore
43.129.73.66,784,quic,44098932,doq-i02,0,,,42941584,87100165,0,67.225.146.248,162,,singapore
87.106.168.61,784,quic,712880629,doq-i03,0,,,353006540,1065914429,0,67.225.146.248,2092,,singapore
103.192.236.244,784,quic,227597063,doq-i00,0,,,56503372,284131228,0,67.225.146.248,1902,,singapore
87.106.168.61,784,quic,826842,doq-i03,1,,,353173981,709611944,0,67.225.146.248,2090,,singapore
103.192.236.244,784,quic,59188646,doq-i00,0,,,56023182,115271761,0,67.225.146.248,1900,,singapore
198.74.127.117,784,quic,357576699,doq-i03,0,,,175523112,533159526,0,67.225.146.248,10,,singapore
198.74.127.117,784,quic,178360123,doq-i03,0,,,173680695,352097175,0,67.225.146.248,10,,singapore
185.253.5.9,8853,quic,480803573,doq-i03,0,,,239230558,720066601,0,67.225.146.248,2256,,singapore
185.253.5.9,8853,quic,242115131,doq-i03,0,,,239272694,481424692,0,67.225.146.248,2254,,singapore
152.67.8.163,784,quic,109989240,doq-i03,0,,,52253182,162297212,3,,,,singapore
152.67.8.163,784,quic,1170529,doq-i03,1,,,52434856,106834791,3,,,,singapore
3.9.78.39,784,quic,358930638,doq-i03,0,,,174613935,533575364,0,0.0.0.0,10,,singapore
3.9.78.39,784,quic,788028,doq-i03,1,,,174737432,351627871,0,0.0.0.0,10,,singapore
152.69.223.63,784,quic,9412230,doq-i03,0,,,2478891,11946290,0,67.225.146.248,2321,,singapore
152.69.223.63,784,quic,836479,doq-i03,1,,,2348837,6764374,0,67.225.146.248,2319,,singapore
104.248.118.244,784,quic,470986434,doq-i03,0,,,234579917,705603760,0,67.225.146.248,2625,,singapore
104.248.118.244,784,quic,1988646,doq-i03,1,,,236203880,484079576,0,67.225.146.248,2623,,singapore
50.116.59.251,784,quic,431093873,doq-i03,0,,,229269169,660423387,0,67.225.146.248,3583,,singapore
194.177.23.120,8853,quic,396206883,doq-i03,0,,,196880502,593126098,0,67.225.146.248,219,,singapore
50.116.59.251,784,quic,231204108,doq-i03,0,,,228903241,460168760,0,67.225.146.248,3581,,singapore
194.177.23.120,8853,quic,2456151,doq-i03,1,,,197465551,398337328,0,67.225.146.248,218,,singapore
135.125.169.4,784,quic,1069039232,doq-i03,0,,,301319536,1370420592,0,67.225.146.248,1599,,singapore
135.125.169.4,784,quic,292783213,doq-i03,0,,,287478213,580293633,0,67.225.146.248,1597,,singapore
146.59.32.198,784,quic,576791408,doq-i03,0,,,284609890,861457130,0,67.225.146.248,1102,,singapore
146.59.32.198,784,quic,666329,doq-i03,1,,,285204054,572380632,0,67.225.146.248,1100,,singapore
94.140.14.59,784,quic,6587765,doq-i03,0,,,2224455,8840149,0,67.225.146.248,2479,,singapore
94.140.14.59,784,quic,4442744,doq-i03,0,,,2078573,6578718,0,67.225.146.248,2478,,singapore
94.140.14.59,8853,quic,5988288,doq-i03,0,,,2080200,8103698,0,67.225.146.248,2476,,singapore
94.140.14.59,8853,quic,3842809,doq-i03,0,,,2061106,5938997,0,67.225.146.248,2475,,singapore
94.140.14.59,853,quic,6962303,doq-i03,0,,,2412731,9408747,0,67.225.146.248,2473,,singapore
94.140.14.59,853,quic,4170792,doq-i03,0,,,2351182,6581545,0,67.225.146.248,2472,,singapore
67.205.154.232,784,quic,490128112,doq-i03,0,,,246253796,736421877,0,67.225.146.248,1100,,singapore
67.205.154.232,784,quic,811328,doq-i03,1,,,243457276,492850128,0,67.225.146.248,1098,,singapore
131.186.63.141,784,quic,140996354,doq-i03,0,,,67620143,208665783,0,67.225.146.248,1307,,singapore
131.186.63.141,784,quic,841027,doq-i03,1,,,67286966,136929470,0,67.225.146.248,1306,,singapore
15.184.189.254,784,quic,294133418,doq-i03,0,,,96662560,390833742,0,67.225.146.248,1205,,singapore
15.184.189.254,784,quic,99053221,doq-i03,0,,,96513145,195603572,0,67.225.146.248,1203,,singapore
45.78.14.176,784,quic,343790809,doq-i03,0,,,169675752,513499308,0,67.225.146.248,3588,,singapore
45.78.14.176,784,quic,1197469,doq-i03,1,,,218790078,392113918,0,67.225.146.248,3584,,singapore
159.65.149.35,784,quic,88232642,doq-i03,0,,,40262585,128532959,5,,,,singapore
159.65.149.35,784,quic,823917,doq-i03,1,,,42867949,86969523,5,,,,singapore
134.122.42.163,784,quic,458647855,doq-i03,0,,,227416522,686092984,5,,,,singapore
103.179.45.33,784,quic,164659223,doq-i03,0,,,81052877,245761766,0,67.225.146.248,1953,,singapore
134.122.42.163,784,quic,2066718,doq-i03,1,,,227034611,466580272,5,,,,singapore
103.179.45.33,784,quic,663393,doq-i03,1,,,79510384,160880371,0,67.225.146.248,1951,,singapore
150.230.103.62,784,quic,139727317,doq-i03,0,,,68304686,208069757,0,67.225.146.248,3276,,singapore
150.230.103.62,784,quic,782784,doq-i03,1,,,68676912,138419099,0,67.225.146.248,3274,,singapore
5.1.84.150,784,quic,386960888,doq-i03,0,,,189985749,577000798,0,67.225.146.248,1429,,singapore
5.1.84.150,784,quic,828955,doq-i03,1,,,190293702,382847468,0,67.225.146.248,1427,,singapore
131.186.62.203,784,quic,140021803,doq-i03,0,,,67649455,207703172,0,67.225.146.248,2265,,singapore
131.186.62.203,784,quic,75112000,doq-i03,0,,,67441274,142607019,0,67.225.146.248,2264,,singapore
120.55.44.44,784,quic,237075383,doq-i03,0,,,112990856,350096787,0,67.225.146.248,1463,,singapore
120.55.44.44,784,quic,1249050,doq-i03,1,,,113235259,228672572,0,67.225.146.248,1461,,singapore
94.237.42.60,8853,quic,587457290,doq-i03,0,,,873443724,1460932479,0,67.225.146.248,1630,,singapore
94.237.42.60,8853,quic,837506,doq-i03,1,,,293617875,588307782,0,67.225.146.248,1627,,singapore
46.8.194.61,784,quic,434184068,doq-i03,0,,,200546909,634769517,0,67.225.146.248,2618,,singapore
46.8.194.61,784,quic,851222,doq-i03,1,,,200708285,403057049,0,67.225.146.248,2616,,singapore
176.103.130.137,784,quic,483894189,doq-i03,0,,,241263427,725187728,0,67.225.146.248,3074,,singapore
176.103.130.137,784,quic,242483580,doq-i03,0,,,240740414,483265703,0,67.225.146.248,3072,,singapore
176.103.130.137,8853,quic,484925444,doq-i03,0,,,246515518,731485876,0,67.225.146.248,3070,,singapore
176.103.130.137,8853,quic,243072978,doq-i03,0,,,241200161,484352387,0,67.225.146.248,3068,,singapore
176.103.130.137,853,quic,495952366,doq-i03,0,,,245902306,741883779,0,67.225.146.248,3066,,singapore
176.103.130.137,853,quic,246410750,doq-i03,0,,,244555730,491004819,0,67.225.146.248,3064,,singapore
3.1.94.218,784,quic,18045571,doq-i03,0,,,1497509,19575993,0,67.225.146.248,3597,,singapore
3.1.94.218,784,quic,2976074,doq-i03,0,,,753722,3757024,0,67.225.146.248,3596,,singapore
3.1.94.218,853,quic,15992564,doq-i03,0,,,905932,16950083,0,67.225.146.248,3591,,singapore
3.1.94.218,853,quic,3096794,doq-i03,0,,,1831715,4962253,0,67.225.146.248,3590,,singapore
103.124.95.99,784,quic,117361909,doq-i03,0,,,54808387,172231248,0,67.225.146.248,2358,,singapore
103.124.95.99,784,quic,835083,doq-i03,1,,,54723842,112825471,0,67.225.146.248,2356,,singapore
43.154.154.162,784,quic,91692605,doq-i03,0,,,43561728,135312389,0,67.225.146.248,710,,singapore
43.154.154.162,784,quic,672717,doq-i03,1,,,43686741,88956945,0,67.225.146.248,709,,singapore
91.239.27.199,784,quic,408596875,doq-i03,0,,,263605245,672255282,0,67.225.146.248,1877,,singapore
91.239.27.199,784,quic,824368,doq-i03,1,,,210459796,417702157,0,67.225.146.248,1875,,singapore
212.86.101.213,784,quic,333310980,doq-i03,0,,,175210150,508583354,0,67.225.146.248,1151,,singapore
212.86.101.213,784,quic,846241,doq-i03,1,,,162818616,327916247,0,67.225.146.248,1149,,singapore
193.123.244.234,784,quic,161940488,doq-i03,0,,,110752572,272748623,0,67.225.146.248,1104,,singapore
193.123.244.234,784,quic,698766,doq-i03,1,,,108062541,184944939,0,67.225.146.248,2958,,singapore
161.129.152.196,784,quic,844192099,doq-i03,0,,,213438344,1057662450,0,67.225.146.248,778,,singapore
194.67.121.139,784,quic,402428291,doq-i03,0,,,189418356,591877142,0,67.225.146.248,473,,singapore
161.129.152.196,784,quic,216394558,doq-i03,0,,,213081729,429514549,0,67.225.146.248,776,,singapore
194.67.121.139,784,quic,852971,doq-i03,1,,,188353475,379324737,0,67.225.146.248,471,,singapore
94.140.14.49,784,quic,7335223,doq-i03,0,,,2640423,10030463,0,67.225.146.248,2137,,singapore
94.140.14.49,784,quic,4994050,doq-i03,0,,,2559294,7590238,0,67.225.146.248,2135,,singapore
94.140.14.49,8853,quic,10849854,doq-i03,0,,,2203207,13082443,0,67.225.146.248,2134,,singapore
94.140.14.49,8853,quic,3911493,doq-i03,0,,,3505589,7454130,0,67.225.146.248,2133,,singapore
94.140.14.49,853,quic,11334147,doq-i03,0,,,2491393,13856713,0,67.225.146.248,2131,,singapore
176.103.130.150,784,quic,509478712,doq-i03,0,,,253959350,763470291,0,67.225.146.248,2918,,singapore
94.140.14.49,853,quic,3638657,doq-i03,0,,,2161155,5848584,0,67.225.146.248,2130,,singapore
176.103.130.150,784,quic,252947833,doq-i03,0,,,300238218,553245043,0,67.225.146.248,2916,,singapore
176.103.130.150,8853,quic,487394426,doq-i03,0,,,245569173,732993494,0,67.225.146.248,2914,,singapore
176.103.130.150,8853,quic,243798635,doq-i03,0,,,240493239,484322535,0,67.225.146.248,2912,,singapore
176.103.130.150,853,quic,494247453,doq-i03,0,,,242079074,736366025,0,67.225.146.248,2910,,singapore
138.2.89.57,784,quic,11523807,doq-i03,0,,,2789879,14349027,0,0.0.0.0,10,,singapore
176.103.130.150,853,quic,243687154,doq-i03,0,,,241472629,485218410,0,67.225.146.248,2908,,singapore
138.2.89.57,784,quic,2304966,doq-i03,1,,,6603051,16872150,0,0.0.0.0,10,,singapore
140.83.52.87,784,quic,207283435,doq-i03,0,,,76719199,284052708,0,0.0.0.0,10,,singapore
140.83.52.87,784,quic,856713,doq-i03,1,,,76338351,155191981,0,0.0.0.0,10,,singapore
108.137.44.33,784,quic,56661208,doq-i03,0,,,14299023,71018484,0,67.225.146.248,552,,singapore
108.137.44.33,784,quic,17718618,doq-i03,0,,,14258225,32032849,0,67.225.146.248,550,,singapore
108.137.44.33,853,quic,67196573,doq-i03,0,,,15276986,82526389,0,67.225.146.248,544,,singapore
108.137.44.33,853,quic,16227648,doq-i03,0,,,14509955,30787731,0,67.225.146.248,543,,singapore
83.212.102.207,784,quic,915572210,doq-i03,0,,,234747933,1150351796,0,67.225.146.248,1771,,singapore
83.212.102.207,784,quic,236419091,doq-i03,0,,,233026593,469480246,0,67.225.146.248,1769,,singapore
54.249.180.176,784,quic,315459586,doq-i02,0,,,76598623,392094571,0,67.225.146.248,1006,,singapore
54.249.180.176,784,quic,78889784,doq-i02,0,,,77902777,156821371,0,67.225.146.248,1005,,singapore
130.162.133.169,784,quic,320954697,doq-i02,0,,,76873220,397865504,0,67.225.146.248,1200,,singapore
31.172.70.135,784,quic,409556995,doq-i03,0,,,211868387,624724356,0,67.225.146.248,1748,,singapore
130.162.133.169,784,quic,82285688,doq-i02,0,,,75497595,157820801,0,67.225.146.248,1199,,singapore
31.172.70.135,784,quic,853152,doq-i03,1,,,202158737,405661712,0,67.225.146.248,1746,,singapore
132.145.217.93,8853,quic,1082793890,doq-i03,0,,,292673271,1375502818,0,67.225.146.248,2148,,singapore
94.140.15.15,784,quic,12704954,doq-i03,0,,,4669189,17405281,0,67.225.146.248,2001,,singapore
132.145.217.93,8853,quic,295845853,doq-i03,0,,,292334987,588237496,0,67.225.146.248,2146,,singapore
104.199.26.56,784,quic,402035105,doq-i03,0,,,196277354,598370575,0,67.225.146.248,2979,,singapore
94.140.15.15,784,quic,4782993,doq-i03,0,,,2995529,7806211,0,67.225.146.248,2000,,singapore
104.199.26.56,784,quic,802067,doq-i03,1,,,196340423,396658513,0,67.225.146.248,2977,,singapore
94.140.15.15,8853,quic,15923752,doq-i03,0,,,6098621,22054582,0,67.225.146.248,1998,,singapore
94.140.15.15,8853,quic,4358258,doq-i03,0,,,2546380,6938464,0,67.225.146.248,1997,,singapore
94.140.15.15,853,quic,7739099,doq-i03,0,,,2808971,10600938,0,67.225.146.248,1995,,singapore
94.140.15.15,853,quic,4827402,doq-i03,0,,,2789531,7652320,0,67.225.146.248,1994,,singapore
45.13.106.8,784,quic,408433795,doq-i03,0,,,200782856,609274925,0,67.225.146.248,751,,singapore
45.13.106.8,784,quic,818616,doq-i03,1,,,191753512,392159701,0,67.225.146.248,749,,singapore
23.95.209.33,784,quic,474032793,doq-i03,0,,,233555359,707644853,0,67.225.146.248,2309,,singapore
23.95.209.33,784,quic,675951,doq-i03,1,,,233388513,469095851,0,67.225.146.248,2307,,singapore
193.110.81.0,8853,quic,304834957,doq-i03,0,,,151175256,456043088,0,67.225.146.248,1708,,singapore
193.110.81.0,8853,quic,152890538,doq-i03,0,,,151137236,304088305,0,67.225.146.248,1706,,singapore
176.103.130.131,784,quic,496141216,doq-i03,0,,,245762697,741938629,0,67.225.146.248,2732,,singapore
176.103.130.131,784,quic,248544702,doq-i03,0,,,245464910,494058608,0,67.225.146.248,2730,,singapore
164.90.245.136,784,quic,436257276,doq-i03,0,,,210214813,646530793,0,67.225.146.248,2316,,singapore
176.103.130.131,8853,quic,484882973,doq-i03,0,,,270812310,755726353,0,67.225.146.248,2728,,singapore
164.90.245.136,784,quic,863210,doq-i03,1,,,210810927,423839859,0,67.225.146.248,2315,,singapore
176.103.130.131,8853,quic,243072504,doq-i03,0,,,241229919,484361738,0,67.225.146.248,2726,,singapore
176.103.130.131,853,quic,485592361,doq-i03,0,,,241025209,726652069,0,67.225.146.248,2724,,singapore
176.103.130.131,853,quic,245196825,doq-i03,0,,,240628401,485864029,0,67.225.146.248,2722,,singapore
139.162.142.149,784,quic,474610555,doq-i02,0,,,159456686,634119205,0,67.225.146.248,2228,,singapore
176.103.134.135,784,quic,523019038,doq-i03,0,,,262680560,785753667,0,67.225.146.248,1539,,singapore
139.162.142.149,784,quic,159454051,doq-i02,0,,,158503014,317995615,0,67.225.146.248,2226,,singapore
176.103.134.135,784,quic,265550668,doq-i03,0,,,260255855,525864015,0,67.225.146.248,1537,,singapore
176.103.134.135,8853,quic,524720756,doq-i03,0,,,258049815,782821645,0,67.225.146.248,1535,,singapore
176.103.134.135,8853,quic,263524391,doq-i03,0,,,268050877,531606770,0,67.225.146.248,1533,,singapore
176.103.134.135,853,quic,517757756,doq-i03,0,,,253493536,771287207,0,67.225.146.248,1530,,singapore
176.103.134.135,853,quic,257363177,doq-i03,0,,,260228109,517627443,0,67.225.146.248,1528,,singapore
168.138.169.197,784,quic,27320941,doq-i02,0,,,3836837,31185119,0,67.225.146.248,3147,,singapore
168.138.169.197,784,quic,5306223,doq-i02,0,,,2888231,8229580,0,67.225.146.248,3145,,singapore
152.67.9.211,784,quic,72926741,doq-i03,0,,,66817496,139773983,0,0.0.0.0,10,,singapore
157.119.101.122,784,quic,154310466,doq-i03,0,,,38119275,192487875,0,67.225.146.248,2645,,singapore
157.119.101.122,784,quic,39525776,doq-i03,0,,,37644530,77207830,0,67.225.146.248,2643,,singapore
152.67.9.211,784,quic,57775138,doq-i03,0,,,55576300,113383599,0,0.0.0.0,10,,singapore
157.119.101.122,8853,quic,158260259,doq-i03,0,,,37095262,195413949,0,67.225.146.248,2641,,singapore
23.239.29.136,784,quic,856485560,doq-i02,0,,,219007713,1075549547,0,67.225.146.248,3584,,singapore
23.239.29.136,784,quic,220533511,doq-i02,0,,,218479219,439043026,0,67.225.146.248,3582,,singapore
176.103.134.5,784,quic,511831369,doq-i03,0,,,259936379,771826169,0,67.225.146.248,1444,,singapore
176.103.134.5,784,quic,263481960,doq-i03,0,,,269472953,532991723,0,67.225.146.248,1442,,singapore
176.103.134.5,8853,quic,526847909,doq-i03,0,,,262243069,789130842,0,67.225.146.248,1440,,singapore
176.103.134.5,8853,quic,269061076,doq-i03,0,,,268124435,537234434,0,67.225.146.248,1438,,singapore
176.103.134.5,853,quic,536359251,doq-i03,0,,,264642511,801053100,0,67.225.146.248,1436,,singapore
176.103.134.5,853,quic,267632464,doq-i03,0,,,267374395,535037856,0,67.225.146.248,1434,,singapore
147.189.137.111,784,quic,477210749,doq-i03,0,,,237775149,715022571,0,67.225.146.248,985,,singapore
147.189.137.111,784,quic,241394051,doq-i03,0,,,238870257,480324781,0,67.225.146.248,984,,singapore
154.49.211.118,784,quic,396788264,doq-i03,0,,,193831640,590655094,0,67.225.146.248,3313,,singapore
154.49.211.118,784,quic,838326,doq-i03,1,,,196848342,395768611,0,67.225.146.248,3311,,singapore
35.243.221.111,784,quic,731584815,doq-i03,0,,,224152578,955774305,0,67.225.146.248,735,,singapore
35.243.221.111,784,quic,235365286,doq-i03,0,,,224769748,460171801,0,67.225.146.248,733,,singapore
38.242.12.100,784,quic,901888448,doq-i03,0,,,241730457,1143657595,0,67.225.146.248,939,,singapore
38.242.12.100,784,quic,235720609,doq-i03,0,,,233264830,469041282,0,67.225.146.248,937,,singapore
47.91.45.44,784,quic,207079224,doq-i03,0,,,101214425,308324131,0,67.225.146.248,3182,,singapore
47.91.45.44,784,quic,839985,doq-i03,1,,,100945191,204011512,0,67.225.146.248,3180,,singapore
146.56.160.153,784,quic,162899123,doq-i03,0,,,78199442,241156022,0,67.225.146.248,1983,,singapore
146.56.160.153,784,quic,1175916,doq-i03,1,,,77926285,161277127,0,67.225.146.248,1981,,singapore
147.189.137.154,784,quic,475295071,doq-i03,0,,,239169645,714526236,0,67.225.146.248,897,,singapore
185.253.5.1,8853,quic,473599760,doq-i03,0,,,236614721,710246478,0,67.225.146.248,1355,,singapore
147.189.137.154,784,quic,676824,doq-i03,1,,,249316566,488848034,0,67.225.146.248,896,,singapore
185.253.5.1,8853,quic,237066650,doq-i03,0,,,235605678,472730865,0,67.225.146.248,1353,,singapore
158.101.178.190,784,quic,467987560,doq-i03,0,,,151504939,619530165,0,67.225.146.248,144,,singapore
158.101.178.190,784,quic,154402243,doq-i03,0,,,151519709,305957095,0,67.225.146.248,143,,singapore
